processes,throughput_jps,cold_start_ms,avg_cpu_s,avg_rss_mb,p50_lat,p90_lat,p99_lat,duration
1,225.92,867,96.18,259.97,16.202,30.501,33.706,44.262841
2,430.11,891,190.90,494.35,5.943,11.369,12.553,23.250008
4,768.81,936,369.95,950.37,0.504,1.338,1.551,13.007154
8,834.29,1137,469.53,1831.58,0.005,0.011,0.055,11.98621
16,847.61,1783,739.15,3464.88,0.004,0.01,0.02,11.797829
