processes,throughput_jps,cold_start_ms,avg_cpu_s,avg_rss_mb,p50_lat,p90_lat,p99_lat,duration
1,155.70,854,91.70,248.67,17.984,37.82,43.732,64.226979
2,308.59,856,189.78,472.01,3.354,9.727,10.202,32.405436
4,445.39,948,251.45,891.47,0.004,0.007,0.019,22.452089
8,438.42,1125,310.95,1718.07,0.003,0.005,0.01,22.808925
16,437.84,1814,521.86,3264.25,0.003,0.004,0.008,22.839393
