processes,throughput_jps,cold_start_ms,avg_cpu_s,avg_rss_mb,p50_lat,p90_lat,p99_lat,duration
1,169.38,969,82.83,231.43,14.759,28.894,32.496,59.039576
2,317.60,867,158.80,442.44,1.393,3.182,3.802,31.486499
4,361.02,965,160.74,1157.07,0.011,0.038,0.055,27.698971
8,356.12,866,172.10,2220.02,0.01,0.033,0.048,28.080058
