processes,throughput_jps,cold_start_ms,avg_cpu_s,avg_rss_mb,p50_lat,p90_lat,p99_lat,duration
1,143.44,765,64.37,190.66,30.897,46.685,51.647,69.714009
2,253.98,762,125.47,376.36,8.896,17.857,20.195,39.373461
4,465.91,883,255.98,731.40,0.194,0.838,1.196,21.463376
8,445.81,890,346.07,1378.64,0.004,0.004,0.006,22.431004
16,426.54,1360,573.03,2313.59,0.004,0.004,0.005,23.444417
