processes,throughput_jps,cold_start_ms,avg_cpu_s,avg_rss_mb,p50_lat,p90_lat,p99_lat,duration
1,94.48,801,83.14,284.58,36.596,74.058,82.453,105.843425
2,130.61,833,154.08,532.63,9.994,44.393,52.134,76.563386
4,375.03,879,381.04,993.04,0.017,0.03,0.095,26.664793
8,332.10,1213,587.21,1976.40,0.01,0.014,0.029,30.111206
16,250.95,1653,967.89,3429.93,0.012,0.019,0.029,39.847923
