processes,throughput_jps,cold_start_ms,avg_cpu_s,avg_rss_mb,p50_lat,p90_lat,p99_lat,duration
1,169.16,967,85.43,225.49,15.621,29.656,33.017,59.116796
2,322.92,866,159.43,441.68,1.245,3.08,3.581,30.967465
4,360.06,960,163.02,1013.89,0.012,0.04,0.061,27.77289
8,362.12,964,172.47,2072.83,0.011,0.035,0.05,27.614879
