processes,throughput_jps,cold_start_ms,avg_cpu_s,avg_rss_mb,p50_lat,p90_lat,p99_lat,duration
1,139.95,5720,53.30,187.65,31.021,50.982,55.529,71.454875
2,242.29,5740,98.48,378.03,14.7,22.757,24.478,41.272572
4,422.39,5845,175.36,730.92,5.371,5.544,5.694,23.674687
8,511.06,5911,287.29,1409.11,0.685,4.228,4.708,19.567354
16,499.88,6272,479.73,2797.57,1.204,3.697,4.606,20.004837
