processes,throughput_jps,cold_start_ms,avg_cpu_s,avg_rss_mb,p50_lat,p90_lat,p99_lat,duration
1,166.82,883,84.47,231.15,15.498,29.98,33.272,59.944607
2,316.69,893,159.76,441.27,1.97,3.467,3.948,31.576355
4,358.05,918,166.01,1024.12,0.011,0.038,0.061,27.929164
8,356.81,880,179.31,2096.05,0.011,0.034,0.051,28.025895
