processes,throughput_jps,cold_start_ms,avg_cpu_s,avg_rss_mb,p50_lat,p90_lat,p99_lat,duration
1,172.30,867,84.15,228.34,14.794,28.404,31.754,58.039978
2,317.61,863,161.73,441.94,1.758,3.719,4.244,31.484908
4,361.64,966,162.93,997.16,0.012,0.04,0.074,27.651891
8,360.00,869,174.64,2111.94,0.01,0.034,0.051,27.778083
