processes,throughput_jps,cold_start_ms,avg_cpu_s,avg_rss_mb,p50_lat,p90_lat,p99_lat,duration
1,221.10,889,96.59,254.67,16.6,31.363,34.571,45.2274
2,422.83,909,191.25,493.69,6.188,11.625,12.902,23.650041
4,747.87,956,370.97,954.65,0.828,1.752,1.979,13.371389
8,842.64,1039,506.18,1826.83,0.006,0.014,0.196,11.867467
16,838.91,1710,741.80,3496.77,0.005,0.01,0.021,11.920275
