processes,throughput_jps,cold_start_ms,avg_cpu_s,avg_rss_mb,p50_lat,p90_lat,p99_lat,duration
1,95.25,816,83.58,288.56,35.809,73.434,81.725,104.986151
2,102.46,831,118.31,529.15,28.439,64.668,72.835,97.596233
4,379.00,878,384.84,970.09,0.019,0.035,0.1,26.385289
8,323.84,982,601.04,1958.62,0.01,0.015,0.038,30.879027
16,252.73,1571,970.05,3314.84,0.012,0.019,0.03,39.568328
