threads,throughput_jps,cold_start_ms,avg_cpu_s,avg_rss_mb,p50_lat,p90_lat,p99_lat,duration
1,440.13,937,333.53,541.60,5.843,10.8,11.884,22.720481
2,611.37,936,376.72,579.01,2.575,4.433,4.977,16.356813
4,858.12,940,392.07,664.05,0.298,0.33,0.349,11.653448
8,859.28,941,357.09,828.04,0.004,0.192,0.287,11.637704
16,854.72,942,340.39,1064.01,0.005,0.066,0.239,11.699774
