processes,throughput_jps,cold_start_ms,avg_cpu_s,avg_rss_mb,p50_lat_ms,p90_lat_ms,p99_lat_ms,duration_s
1,318.61,2059,34.76,188.35,7273.0,10392.0,11121.0,31.386737
2,414.69,2393,62.38,378.07,2817.0,3062.0,3140.0,24.114522
4,441.38,2388,104.73,742.34,928.0,2352.0,2623.0,22.656285
8,434.32,2406,149.97,1478.57,1057.0,2566.0,3074.0,23.024549
