processes,throughput_jps,cold_start_ms,avg_cpu_s,avg_rss_mb,p50_lat_ms,p90_lat_ms,p99_lat_ms,duration_s
1,308.24,2102,35.56,192.74,7436.0,11331.0,12364.0,32.44223
2,397.01,2303,63.12,372.69,3218.0,3899.0,4199.0,25.188175
4,412.66,2432,107.63,748.44,603.0,1840.0,2073.0,24.232938
8,418.37,1019,188.18,1551.55,418.0,860.0,1165.0,23.902029
