processes,throughput_jps,cold_start_ms,avg_cpu_s,avg_rss_mb,p50_lat,p90_lat,p99_lat,duration
1,86.21,862,80.61,281.25,41.208,83.416,92.493,115.990966
2,119.06,900,150.40,543.31,11.458,49.789,59.081,83.992355
4,368.89,953,386.87,956.52,0.191,0.751,0.831,27.108405
8,320.71,1379,591.70,1978.27,0.01,0.015,0.036,31.180643
