processes,throughput_jps,cold_start_ms,avg_cpu_s,avg_rss_mb,p50_lat,p90_lat,p99_lat,duration
1,148.67,738,61.35,190.97,26.973,46.878,51.317,67.263006
2,263.98,755,123.84,376.52,10.193,16.604,18.54,37.88219
4,459.01,790,247.90,735.69,0.387,1.333,1.416,21.785945
8,458.07,1040,308.36,1399.20,0.003,0.004,0.005,21.830792
