processes,throughput_jps,cold_start_ms,avg_cpu_s,avg_rss_mb,p50_lat,p90_lat,p99_lat,duration
1,131.05,5726,54.67,193.71,33.268,55.099,60.183,76.308988
2,238.16,5767,99.06,377.93,14.534,23.298,25.209,41.989272
4,410.41,5834,176.40,727.50,5.743,6.212,6.399,24.365832
8,507.84,5886,284.88,1406.03,0.857,4.119,4.721,19.691246
