processes,throughput_jps,cold_start_ms,avg_cpu_s,avg_rss_mb,p50_lat_ms,p90_lat_ms,p99_lat_ms,duration_s
1,240.47,861,82.48,258.79,20302.0,36437.0,40078.0,41.584375
2,455.05,893,153.22,521.65,10204.0,18692.0,20534.0,21.975791
4,791.77,935,284.21,1024.02,5460.0,10127.0,11205.0,12.62989
8,1292.69,1116,487.20,2018.72,2811.0,5479.0,6083.0,7.735796
