processes,throughput_jps,cold_start_ms,avg_cpu_s,avg_rss_mb,p50_lat,p90_lat,p99_lat,duration
1,207.08,922,93.33,255.25,18.843,34.239,37.649,48.290543
2,397.25,916,189.28,495.99,6.638,12.889,14.354,25.172992
4,711.80,958,371.05,950.10,1.066,2.202,2.55,14.048935
8,841.28,1206,488.26,1809.91,0.005,0.012,0.042,11.88671
