processes,throughput_jps,cold_start_ms,avg_cpu_s,avg_rss_mb,p50_lat_ms,p90_lat_ms,p99_lat_ms,duration_s
1,98.33,808,71.80,301.09,44590.0,80371.0,87857.0,101.694709
2,121.97,835,118.10,553.91,26184.0,60321.0,67456.0,81.986477
4,183.10,882,239.77,1039.33,4836.0,31768.0,38778.0,54.615483
8,491.10,1243,560.02,2020.59,14.0,21.0,27.0,20.362364
