processes,throughput_jps,cold_start_ms,avg_cpu_s,avg_rss_mb,p50_lat,p90_lat,p99_lat,duration
1,88.46,887,82.43,284.65,38.365,80.613,89.597,113.049312
2,118.06,889,149.30,537.47,11.492,51.003,59.66,84.702993
4,366.56,925,385.18,990.69,0.076,0.27,0.314,27.280913
8,300.02,1267,601.98,1999.25,0.012,0.018,0.031,33.33144
