processes,throughput_jps,cold_start_ms,avg_cpu_s,avg_rss_mb,p50_lat,p90_lat,p99_lat,duration
1,134.00,5708,54.81,193.72,31.972,53.342,58.448,74.628417
2,237.01,5769,99.43,377.02,14.759,23.354,25.391,42.192172
4,418.72,5807,176.58,727.67,5.604,6.04,6.169,23.882526
8,510.55,5861,278.75,1414.68,1.41,4.146,4.74,19.586716
