processes,throughput_jps,cold_start_ms,avg_cpu_s,avg_rss_mb,p50_lat,p90_lat,p99_lat,duration
1,87.35,921,82.96,246.55,40.635,82.256,90.83,114.476516
2,119.50,851,151.72,531.04,11.921,50.762,58.698,83.685256
4,369.11,894,385.73,960.99,0.053,0.178,0.21,27.091951
8,291.09,1120,627.35,1949.05,0.012,0.018,0.047,34.353569
