processes,throughput_jps,cold_start_ms,avg_cpu_s,avg_rss_mb,p50_lat,p90_lat,p99_lat,duration
1,170.30,898,88.81,255.81,21.203,42.264,47.561,58.720067
2,361.70,956,188.35,496.70,7.277,14.686,16.462,27.647367
4,683.67,954,372.48,958.49,1.034,2.776,3.07,14.626944
8,797.87,1100,528.57,1839.55,0.006,0.014,0.113,12.533329
