processes,throughput_jps,cold_start_ms,avg_cpu_s,avg_rss_mb,p50_lat,p90_lat,p99_lat,duration
1,195.90,878,91.72,254.51,16.835,36.193,40.377,51.045375
2,388.21,919,189.30,496.98,7.169,13.319,14.815,25.759199
4,689.24,955,367.58,952.61,1.179,2.554,2.852,14.508786
8,832.46,1210,510.59,1819.46,0.006,0.013,0.086,12.012604
