processes,throughput_jps,cold_start_ms,avg_cpu_s,avg_rss_mb,p50_lat_ms,p90_lat_ms,p99_lat_ms,duration_s
1,100.30,807,73.82,300.40,43008.0,78438.0,85950.0,99.70274
2,117.51,837,115.19,536.86,27130.0,63261.0,70651.0,85.100783
4,188.10,955,241.09,1046.92,4600.0,30229.0,37317.0,53.161837
8,496.37,1041,566.83,1999.13,15.0,21.0,29.0,20.146326
