processes,throughput_jps,cold_start_ms,avg_cpu_s,avg_rss_mb,p50_lat_ms,p90_lat_ms,p99_lat_ms,duration_s
1,96.76,816,72.41,294.40,45532.0,82362.0,89654.0,103.343565
2,121.86,860,118.07,552.34,25654.0,60303.0,67518.0,82.059644
4,189.17,962,243.29,1046.07,4744.0,30164.0,37208.0,52.863162
8,503.16,1181,567.80,2011.58,15.0,21.0,27.0,19.8742
