processes,throughput_jps,cold_start_ms,avg_cpu_s,avg_rss_mb,p50_lat,p90_lat,p99_lat,duration
1,149.23,743,61.15,190.76,24.366,43.897,48.633,67.009778
2,269.91,759,122.42,376.18,6.662,18.024,19.664,37.049812
4,465.05,823,242.91,731.85,0.133,0.95,1.219,21.503074
8,451.66,1058,310.30,1363.48,0.003,0.004,0.005,22.140599
