processes,throughput_jps,cold_start_ms,avg_cpu_s,avg_rss_mb,p50_lat,p90_lat,p99_lat,duration
1,164.50,861,85.66,230.97,16.001,30.932,34.38,60.790315
2,311.79,872,162.20,442.57,1.898,4.073,4.741,32.073196
4,361.15,863,164.69,1038.93,0.011,0.038,0.062,27.689008
8,360.08,865,172.98,2075.93,0.01,0.033,0.052,27.771694
