processes,throughput_jps,cold_start_ms,avg_cpu_s,avg_rss_mb,p50_lat,p90_lat,p99_lat,duration
1,149.38,766,78.50,246.79,31.13,44.0,46.727,66.944353
2,371.64,769,192.19,480.70,1.13,5.675,5.834,26.90751
4,446.74,873,263.44,919.13,0.005,0.011,0.031,22.384257
8,430.32,1110,314.78,1772.54,0.004,0.007,0.013,23.238511
16,444.41,1603,520.11,3290.24,0.003,0.004,0.008,22.501593
