processes,throughput_jps,cold_start_ms,avg_cpu_s,avg_rss_mb,p50_lat_ms,p90_lat_ms,p99_lat_ms,duration_s
1,329.27,2383,34.19,189.13,6021.0,8988.0,9695.0,30.369849
2,407.46,2384,62.59,373.53,2716.0,3061.0,3100.0,24.542562
4,452.07,2409,94.59,734.93,1576.0,2897.0,3204.0,22.120237
8,442.63,2357,147.68,1520.01,791.0,1730.0,2264.0,22.592241
