processes,throughput_jps,cold_start_ms,avg_cpu_s,avg_rss_mb,p50_lat,p90_lat,p99_lat,duration
1,152.26,738,62.47,191.28,23.828,43.237,47.615,65.677916
2,260.28,755,124.59,376.18,8.7,17.069,19.167,38.419617
4,472.15,797,242.15,733.78,0.092,0.72,0.93,21.179806
8,451.06,938,317.70,1410.39,0.003,0.004,0.005,22.170213
