processes,throughput_jps,cold_start_ms,avg_cpu_s,avg_rss_mb,p50_lat_ms,p90_lat_ms,p99_lat_ms,duration_s
1,304.90,1681,35.39,189.10,7288.0,11327.0,12004.0,32.798156
2,401.63,2361,62.84,373.10,3697.0,4218.0,4301.0,24.89879
4,438.07,2465,97.20,737.58,640.0,2146.0,2380.0,22.827416
8,443.27,2280,154.84,1476.34,802.0,2227.0,2770.0,22.559571
