processes,throughput_jps,cold_start_ms,avg_cpu_s,avg_rss_mb,p50_lat,p90_lat,p99_lat,duration
1,219.75,888,96.51,255.00,17.102,31.667,34.732,45.506963
2,317.60,3469,193.33,477.82,12.12,20.688,23.061,31.486447
4,722.19,952,373.27,953.83,1.126,2.2,2.422,13.84685
8,848.35,1036,513.56,1819.45,0.006,0.014,0.256,11.787557
