processes,throughput_jps,cold_start_ms,avg_cpu_s,avg_rss_mb,p50_lat,p90_lat,p99_lat,duration
1,150.62,735,61.19,190.70,24.442,44.302,48.226,66.390919
2,268.64,762,123.54,374.61,4.361,17.853,19.191,37.225227
4,460.62,849,242.17,731.27,0.371,1.373,1.665,21.710091
8,454.91,1050,314.68,1324.38,0.003,0.004,0.005,21.982322
