processes,throughput_jps,cold_start_ms,avg_cpu_s,avg_rss_mb,p50_lat_ms,p90_lat_ms,p99_lat_ms,duration_s
1,327.03,2394,34.27,189.25,6109.0,9187.0,9899.0,30.578436
2,407.79,2391,60.97,366.59,3917.0,4355.0,4458.0,24.522401
4,449.77,2381,88.54,744.46,762.0,1915.0,2324.0,22.233683
8,440.81,1938,149.07,1466.15,869.0,2712.0,3149.0,22.685535
