processes,throughput_jps,cold_start_ms,avg_cpu_s,avg_rss_mb,p50_lat,p90_lat,p99_lat,duration
1,146.62,804,83.89,250.37,19.083,42.076,47.285,68.205265
2,365.53,781,189.46,476.04,1.086,6.264,6.341,27.357827
4,423.47,802,253.50,926.20,0.004,0.008,0.034,23.614283
8,450.10,1208,304.85,1713.89,0.003,0.006,0.011,22.217428
16,438.75,1494,520.80,3264.69,0.003,0.004,0.008,22.79187
