processes,throughput_jps,cold_start_ms,avg_cpu_s,avg_rss_mb,p50_lat,p90_lat,p99_lat,duration
1,151.74,736,61.58,190.61,23.847,43.366,47.917,65.901981
2,268.21,751,124.99,375.76,8.708,16.286,18.143,37.283937
4,468.13,791,245.53,734.96,0.173,0.891,1.152,21.361539
8,452.61,1049,314.85,1362.60,0.003,0.004,0.005,22.094098
