processes,throughput_jps,cold_start_ms,avg_cpu_s,avg_rss_mb,p50_lat_ms,p90_lat_ms,p99_lat_ms,duration_s
1,326.875,2345.5,34.504999999999995,189.075,6564.5,9551.5,10247.5,30.5928505
2,407.625,2394.0,62.51,372.855,2818.0,3252.5,3381.5,24.5324815
4,449.78999999999996,2390.5,100.96000000000001,737.49,871.0,2426.0,2640.0,22.23275
8,443.35,2364.0,149.51999999999998,1477.31,835.5,2415.5,2923.5,22.555518
