processes,throughput_jps,cold_start_ms,avg_cpu_s,avg_rss_mb,p50_lat_ms,p90_lat_ms,p99_lat_ms,duration_s
1,243.10,866,83.19,261.02,20076.0,35993.0,39645.0,41.135345
2,441.09,893,152.95,520.58,10520.0,19326.0,21284.0,22.671151
4,789.09,933,284.51,1028.01,5445.0,10197.0,11268.0,12.672847
8,1280.90,1121,482.40,2026.12,2784.0,5537.0,6142.0,7.806986
