processes,throughput_jps,cold_start_ms,avg_cpu_s,avg_rss_mb,p50_lat_ms,p90_lat_ms,p99_lat_ms,duration_s
1,100.68,889,72.32,286.11,44043.0,78491.0,85602.0,99.325791
2,118.21,834,116.37,544.97,27209.0,62896.0,70035.0,84.598105
4,192.92,877,245.47,1061.73,4621.0,29109.0,36182.0,51.834013
8,494.70,1076,572.44,1995.19,15.0,21.0,28.0,20.214153
