processes,throughput_jps,cold_start_ms,avg_cpu_s,avg_rss_mb,p50_lat_ms,p90_lat_ms,p99_lat_ms,duration_s
1,244.51,861,83.83,261.09,19705.0,35772.0,39332.0,40.897472
2,452.38,898,153.52,520.41,10222.0,18768.0,20704.0,22.105432
4,788.97,929,285.65,1033.43,5437.0,10185.0,11259.0,12.674805
8,1291.34,1115,484.40,2018.80,2813.0,5461.0,6089.0,7.743912
