processes,throughput_jps,cold_start_ms,avg_cpu_s,avg_rss_mb,p50_lat_ms,p90_lat_ms,p99_lat_ms,duration_s
1,99.805,823.5,72.745,295.595,44062.0,79040.0,86451.0,100.19394299999999
2,119.41,843.5,116.595,545.03,26664.0,61968.0,69286.0,83.746094
4,188.35,884.0,242.14999999999998,1047.165,4739.5,30224.5,37301.5,53.092557
8,493.06,1198.0,563.37,2018.5349999999999,15.0,21.0,29.0,20.281523999999997
