processes,throughput_jps,cold_start_ms,avg_cpu_s,avg_rss_mb,p50_lat,p90_lat,p99_lat,duration
1,139.54,5720,53.66,193.39,30.028,50.834,55.624,71.664801
2,249.92,5733,96.73,379.97,13.903,21.492,23.233,40.012762
4,452.25,5764,165.06,721.21,4.851,5.313,5.402,22.11167
8,408.31,1035,272.63,1452.90,0.707,1.601,1.879,24.491256
