processes,throughput_jps,cold_start_ms,avg_cpu_s,avg_rss_mb,p50_lat,p90_lat,p99_lat,duration
1,92.55,887,81.50,289.78,37.613,75.994,84.478,108.053001
2,128.94,885,153.02,536.47,9.971,44.362,52.63,77.554936
4,369.85,942,376.33,995.47,0.016,0.027,0.093,27.038084
8,324.31,1303,573.03,1921.69,0.01,0.014,0.024,30.834919
