processes,throughput_jps,cold_start_ms,avg_cpu_s,avg_rss_mb,p50_lat,p90_lat,p99_lat,duration
1,89.27,853,82.87,290.56,40.185,79.05,88.302,112.014576
2,119.04,863,150.13,538.31,10.774,49.995,59.088,84.004819
4,362.98,914,386.75,974.25,0.137,0.2,0.278,27.54961
8,294.21,1304,607.66,1974.12,0.012,0.018,0.032,33.989248
