processes,throughput_jps,cold_start_ms,avg_cpu_s,avg_rss_mb,p50_lat_ms,p90_lat_ms,p99_lat_ms,duration_s
1,303.00,2414,36.95,186.72,7568.0,11272.0,11955.0,33.003072
2,415.33,2408,61.33,373.02,2740.0,2946.0,3011.0,24.077513
4,430.89,2386,110.05,741.14,588.0,2353.0,2588.0,23.207885
8,446.75,5623,162.20,1585.07,984.0,2143.0,2578.0,22.383986
