processes,throughput_jps,cold_start_ms,avg_cpu_s,avg_rss_mb,p50_lat_ms,p90_lat_ms,p99_lat_ms,duration_s
1,247.29,869,83.83,259.06,19483.0,35420.0,38925.0,40.438882
2,442.66,890,153.20,522.15,10500.0,19235.0,21154.0,22.590613
4,779.67,927,284.71,1027.61,5516.0,10300.0,11403.0,12.825864
8,1296.53,1110,486.78,2008.95,2798.0,5433.0,6063.0,7.712893
