processes,throughput_jps,cold_start_ms,avg_cpu_s,avg_rss_mb,p50_lat,p90_lat,p99_lat,duration
1,196.09,911,92.62,257.06,20.082,36.464,40.063,50.99798
2,409.34,932,190.56,487.63,6.486,12.337,13.681,24.42964
4,710.57,974,373.44,951.90,1.122,2.43,2.752,14.073249
8,823.25,1209,499.60,1818.97,0.006,0.013,0.068,12.146994
