processes,throughput_jps,cold_start_ms,avg_cpu_s,avg_rss_mb,p50_lat,p90_lat,p99_lat,duration
1,90.46,1000,79.62,282.68,37.3,77.063,87.036,110.547705
2,119.72,868,149.72,537.27,11.668,49.143,58.214,83.525281
4,371.25,995,382.77,968.31,0.141,0.408,0.451,26.936148
8,307.63,1295,601.20,1975.71,0.011,0.017,0.035,32.506538
