processes,throughput_jps,cold_start_ms,avg_cpu_s,avg_rss_mb,p50_lat,p90_lat,p99_lat,duration
1,149.39,736,62.19,191.13,22.022,59.26,63.574,66.941088
2,265.10,755,124.98,375.38,8.716,16.766,18.69,37.721686
4,477.81,796,248.73,733.43,0.086,0.451,0.578,20.928911
8,455.40,1084,309.12,1440.22,0.003,0.004,0.005,21.958618
