processes,throughput_jps,cold_start_ms,avg_cpu_s,avg_rss_mb,p50_lat,p90_lat,p99_lat,duration
1,168.00,801,93.05,251.09,18.476,34.185,39.224,59.524355
2,356.37,791,190.58,479.73,1.34,6.715,6.977,28.060434
4,445.94,924,262.42,913.26,0.004,0.01,0.025,22.424627
8,433.81,1265,328.21,1688.79,0.004,0.005,0.01,23.051762
16,415.71,1753,518.63,3289.46,0.004,0.005,0.011,24.05523
