processes,throughput_jps,cold_start_ms,avg_cpu_s,avg_rss_mb,p50_lat,p90_lat,p99_lat,duration
1,148.65,753,62.45,191.06,24.531,44.652,49.101,67.2733
2,262.08,761,125.11,375.59,9.251,17.186,18.967,38.156254
4,462.76,819,254.21,732.44,0.256,1.132,1.377,21.60936
8,444.30,1063,317.72,1365.52,0.003,0.004,0.005,22.507145
