processes,throughput_jps,cold_start_ms,avg_cpu_s,avg_rss_mb,p50_lat,p90_lat,p99_lat,duration
1,201.45,896,92.24,256.49,18.328,35.89,38.948,49.64049
2,418.43,994,191.44,496.15,6.465,11.958,13.218,23.899005
4,733.42,949,367.87,951.57,0.921,2.006,2.181,13.634704
8,842.64,1025,489.02,1819.07,0.005,0.012,0.031,11.867458
