processes,throughput_jps,cold_start_ms,avg_cpu_s,avg_rss_mb,p50_lat_ms,p90_lat_ms,p99_lat_ms,duration_s
1,309.69,2328,37.64,192.54,6950.0,10641.0,11517.0,32.290743
2,405.52,2301,63.20,369.36,3878.0,4132.0,4220.0,24.659819
4,449.81,2330,109.76,735.89,1076.0,3080.0,3321.0,22.231817
8,451.07,3965,156.37,1535.08,1044.0,1896.0,2259.0,22.169631
