processes,throughput_jps,cold_start_ms,avg_cpu_s,avg_rss_mb,p50_lat,p90_lat,p99_lat,duration
1,150.16,733,61.63,190.70,24.884,44.208,48.632,66.597142
2,269.80,749,124.06,374.83,11.002,15.994,17.818,37.064786
4,460.23,790,248.09,734.87,0.316,1.415,1.797,21.728296
8,466.99,1062,318.44,1363.64,0.003,0.004,0.005,21.413808
