processes,throughput_jps,cold_start_ms,avg_cpu_s,avg_rss_mb,p50_lat,p90_lat,p99_lat,duration
1,151.04,728,61.84,190.52,20.554,56.863,61.206,66.20744
2,267.17,874,122.35,374.99,8.609,16.347,18.273,37.430007
4,473.87,795,243.66,732.75,0.112,0.368,8.795,21.103026
8,457.71,982,317.15,1364.95,0.003,0.004,0.005,21.847876
