processes,throughput_jps,cold_start_ms,avg_cpu_s,avg_rss_mb,p50_lat_ms,p90_lat_ms,p99_lat_ms,duration_s
1,244.77,865,82.80,258.34,19857.0,35664.0,39277.0,40.854006
2,449.62,890,153.47,520.38,10423.0,18884.0,20804.0,22.240783
4,791.30,935,284.21,1027.26,5461.0,10167.0,11231.0,12.637386
8,1296.41,1113,484.36,1999.25,2824.0,5458.0,6067.0,7.713602
