processes,throughput_jps,cold_start_ms,avg_cpu_s,avg_rss_mb,p50_lat_ms,p90_lat_ms,p99_lat_ms,duration_s
1,97.58,840,72.11,294.96,44327.0,81150.0,88741.0,102.483739
2,111.12,846,112.44,540.43,29205.0,67821.0,75170.0,89.990205
4,195.67,922,244.88,1067.26,4614.0,28596.0,35337.0,51.105554
8,492.44,1315,562.40,2024.39,15.0,21.0,29.0,20.306884
