processes,throughput_jps,cold_start_ms,avg_cpu_s,avg_rss_mb,p50_lat_ms,p90_lat_ms,p99_lat_ms,duration_s
1,99.53,827,72.44,289.45,44184.0,79469.0,86831.0,100.474172
2,121.73,834,117.25,536.63,26424.0,60760.0,67709.0,82.147884
4,186.07,1016,239.92,1041.36,4768.0,30631.0,37863.0,53.74265
8,492.61,1210,561.63,2016.79,14.0,21.0,28.0,20.299886
