processes,throughput_jps,cold_start_ms,avg_cpu_s,avg_rss_mb,p50_lat_ms,p90_lat_ms,p99_lat_ms,duration_s
1,320.13,2143,35.27,188.04,6474.0,9588.0,10279.0,31.236883
2,421.04,2407,61.50,373.50,2595.0,2774.0,2801.0,23.7506
4,451.83,2385,108.89,733.89,995.0,3037.0,3287.0,22.132082
8,462.65,2345,144.30,1462.30,714.0,2585.0,3072.0,21.614531
