processes,throughput_jps,cold_start_ms,avg_cpu_s,avg_rss_mb,p50_lat,p90_lat,p99_lat,duration
1,97.60,817,83.35,287.41,35.556,71.242,79.174,102.460863
2,122.58,866,151.95,524.07,10.855,48.826,56.743,81.581109
4,337.63,933,385.45,976.69,0.114,0.54,1.104,29.618004
8,289.18,1332,611.58,1971.67,0.012,0.018,0.036,34.580456
