processes,throughput_jps,cold_start_ms,avg_cpu_s,avg_rss_mb,p50_lat,p90_lat,p99_lat,duration
1,135.11,5722,53.54,193.60,31.301,53.234,57.909,74.01343
2,241.91,5766,99.06,376.67,14.725,22.685,24.568,41.336921
4,410.64,5783,173.46,725.58,5.557,6.105,6.315,24.352056
8,516.28,5906,292.38,1413.58,0.906,4.079,4.637,19.369211
