processes,throughput_jps,cold_start_ms,avg_cpu_s,avg_rss_mb,p50_lat,p90_lat,p99_lat,duration
1,86.46,982,80.49,272.73,42.869,83.209,92.106,115.666518
2,120.26,865,151.21,536.77,11.311,48.883,58.253,83.155401
4,362.58,1012,386.47,956.78,0.062,0.237,0.294,27.580135
8,298.37,1292,610.54,1979.87,0.012,0.017,0.032,33.515288
