processes,throughput_jps,cold_start_ms,avg_cpu_s,avg_rss_mb,p50_lat,p90_lat,p99_lat,duration
1,149.98,743,62.10,190.51,23.915,43.611,65.732,66.674477
2,265.44,768,122.40,375.19,8.464,16.477,18.348,37.673239
4,474.38,791,245.90,732.55,0.047,0.52,0.711,21.080165
8,453.75,974,317.41,1402.52,0.003,0.004,0.005,22.038334
