processes,throughput_jps,cold_start_ms,avg_cpu_s,avg_rss_mb,p50_lat,p90_lat,p99_lat,duration
1,170.94,865,85.19,230.81,15.504,29.006,32.172,58.500365
2,311.75,870,161.07,440.94,1.856,3.982,4.471,32.076765
4,358.93,869,167.80,1000.21,0.011,0.038,0.061,27.86089
8,356.34,874,175.23,2122.80,0.01,0.023,0.046,28.062801
