processes,throughput_jps,cold_start_ms,avg_cpu_s,avg_rss_mb,p50_lat,p90_lat,p99_lat,duration
1,148.30,728,60.63,190.55,25.3,44.698,49.238,67.432057
2,270.93,798,123.95,374.77,8.425,16.012,17.778,36.910171
4,473.28,796,246.24,734.54,0.085,0.714,0.964,21.129323
8,452.93,1077,311.24,1400.53,0.003,0.004,0.005,22.078518
