processes,throughput_jps,cold_start_ms,avg_cpu_s,avg_rss_mb,p50_lat,p90_lat,p99_lat,duration
1,147.39,761,61.82,191.25,24.686,44.914,49.669,67.846604
2,268.24,764,125.21,375.53,4.485,18.005,19.32,37.280534
4,462.98,788,245.85,734.52,0.302,1.387,1.697,21.599149
8,458.05,943,320.46,1405.67,0.003,0.004,0.005,21.831746
