processes,throughput_jps,cold_start_ms,avg_cpu_s,avg_rss_mb,p50_lat,p90_lat,p99_lat,duration
1,131.91,5768,55.79,190.40,33.043,54.429,59.379,75.811859
2,243.27,5752,97.42,375.86,14.357,22.402,24.302,41.106631
4,420.07,5784,171.54,722.55,5.26,5.582,5.858,23.805398
8,502.99,5940,297.29,1415.93,1.035,4.085,4.718,19.881217
