processes,throughput_jps,cold_start_ms,avg_cpu_s,avg_rss_mb,p50_lat,p90_lat,p99_lat,duration
1,130.75,5729,55.48,193.83,31.922,54.717,60.091,76.480955
2,239.13,5743,96.63,378.38,14.591,22.925,24.886,41.81806
4,417.15,5806,174.56,727.90,5.367,5.634,5.728,23.972081
8,502.64,5902,281.97,1420.26,0.956,4.219,4.628,19.894842
