processes,throughput_jps,cold_start_ms,avg_cpu_s,avg_rss_mb,p50_lat_ms,p90_lat_ms,p99_lat_ms,duration_s
1,336.50,2362,32.61,189.05,6674.0,9501.0,10016.0,29.717998
2,416.31,2406,61.17,370.11,2694.0,2878.0,2929.0,24.020534
4,444.09,2415,103.61,744.98,1125.0,2213.0,2552.0,22.517974
8,459.97,2379,146.24,1477.45,673.0,2028.0,2561.0,21.740609
