processes,throughput_jps,cold_start_ms,avg_cpu_s,avg_rss_mb,p50_lat_ms,p90_lat_ms,p99_lat_ms,duration_s
1,331.57,2283,33.85,187.51,6956.0,9767.0,10453.0,30.159786
2,417.61,2447,61.23,373.54,2796.0,3031.0,3076.0,23.946019
4,422.64,2418,95.13,741.57,1199.0,2499.0,2600.0,23.660772
8,455.80,2426,153.42,1477.17,739.0,2349.0,2881.0,21.939527
