processes,throughput_jps,cold_start_ms,avg_cpu_s,avg_rss_mb,p50_lat,p90_lat,p99_lat,duration
1,90.65,840,82.98,294.81,37.387,77.642,86.666,110.31571
2,118.99,863,149.88,540.00,11.2,49.646,59.087,84.043632
4,332.06,954,384.36,996.98,0.279,0.797,1.894,30.115026
8,316.05,1289,599.29,2018.40,0.01,0.015,0.033,31.640224
