processes,throughput_jps,cold_start_ms,avg_cpu_s,avg_rss_mb,p50_lat,p90_lat,p99_lat,duration
1,133.14,767,81.36,248.94,26.021,49.658,54.519,75.10923
2,345.99,796,190.71,474.33,2.078,6.934,7.362,28.902627
4,439.02,847,265.20,920.57,0.004,0.008,0.023,22.777776
8,443.82,1188,325.70,1678.71,0.003,0.005,0.01,22.531741
16,424.33,1745,535.80,3261.75,0.004,0.005,0.008,23.566567
