processes,throughput_jps,cold_start_ms,avg_cpu_s,avg_rss_mb,p50_lat,p90_lat,p99_lat,duration
1,209.86,884,94.25,254.43,18.337,33.562,36.955,47.650608
2,403.83,907,191.30,495.89,6.396,12.635,13.99,24.762897
4,721.40,1012,370.68,943.42,0.94,2.052,2.328,13.861869
8,830.98,1233,499.14,1813.93,0.006,0.013,0.074,12.033959
