processes,throughput_jps,cold_start_ms,avg_cpu_s,avg_rss_mb,p50_lat,p90_lat,p99_lat,duration
1,85.56,840,81.12,290.63,41.373,83.493,93.324,116.880675
2,116.49,996,150.15,535.60,13.554,51.838,60.421,85.847271
4,340.35,1067,377.15,992.37,0.064,0.368,1.345,29.381676
8,293.56,1386,599.55,1978.34,0.012,0.018,0.038,34.06513
