processes,throughput_jps,cold_start_ms,avg_cpu_s,avg_rss_mb,p50_lat,p90_lat,p99_lat,duration
1,139.62,784,80.34,246.02,24.887,47.587,51.262,71.622586
2,371.19,768,190.15,474.83,1.132,5.577,5.789,26.940743
4,451.86,868,252.07,909.47,0.004,0.007,0.019,22.130548
8,435.57,1159,290.00,1643.70,0.003,0.004,0.007,22.958199
16,441.24,1347,499.91,3289.63,0.003,0.005,0.008,22.663249
