processes,throughput_jps,cold_start_ms,avg_cpu_s,avg_rss_mb,p50_lat_ms,p90_lat_ms,p99_lat_ms,duration_s
1,246.18,862,83.43,264.06,19751.0,35578.0,39093.0,40.6208
2,444.16,894,153.39,517.85,10419.0,19116.0,21119.0,22.514308
4,782.71,934,284.57,1032.30,5512.0,10306.0,11366.0,12.776155
8,1287.27,1113,483.70,2024.22,2822.0,5500.0,6129.0,7.768382
