processes,throughput_jps,cold_start_ms,avg_cpu_s,avg_rss_mb,p50_lat,p90_lat,p99_lat,duration
1,145.41,835,61.07,190.57,25.536,46.058,50.635,68.769301
2,266.37,841,123.61,374.89,8.655,16.469,18.35,37.542086
4,473.05,795,243.97,733.16,0.129,0.724,0.871,21.139231
8,454.25,1065,318.72,1361.16,0.003,0.004,0.005,22.014404
