processes,throughput_jps,cold_start_ms,avg_cpu_s,avg_rss_mb,p50_lat,p90_lat,p99_lat,duration
1,221.66,12561,104.52,266.30,28.59,42.924,46.434,45.115078
2,408.90,6978,203.94,446.39,12.901,18.665,19.977,24.455841
4,717.09,1895,378.18,941.63,2.136,3.282,3.581,13.945322
8,915.13,2488,658.84,1809.59,0.008,0.788,1.257,10.927393
