processes,throughput_jps,cold_start_ms,avg_cpu_s,avg_rss_mb,p50_lat,p90_lat,p99_lat,duration
1,235.31,863,97.63,255.17,15.738,28.898,31.917,42.497784
2,434.91,895,191.42,495.08,5.953,11.159,12.395,22.993129
4,768.80,931,370.65,940.54,0.584,1.505,1.735,13.007219
8,861.66,999,491.39,1821.79,0.005,0.012,0.159,11.605503
