processes,throughput_jps,cold_start_ms,avg_cpu_s,avg_rss_mb,p50_lat_ms,p90_lat_ms,p99_lat_ms,duration_s
1,329.08,2411,34.78,189.87,6031.0,9138.0,9683.0,30.387851
2,414.21,2403,62.36,373.56,2688.0,3036.0,3105.0,24.142143
4,438.45,2427,107.64,741.38,1057.0,2936.0,3171.0,22.807451
8,409.69,1114,184.10,1565.63,416.0,896.0,1132.0,24.40865
