processes,throughput_jps,cold_start_ms,avg_cpu_s,avg_rss_mb,p50_lat,p90_lat,p99_lat,duration
1,96.36,898,81.87,281.33,34.812,71.842,80.166,103.774835
2,135.45,827,154.71,531.64,9.494,41.148,49.072,73.825325
4,370.91,878,376.77,1004.28,0.016,0.027,0.101,26.961072
8,338.17,1113,579.62,1963.51,0.009,0.013,0.026,29.570574
