processes,throughput_jps,cold_start_ms,avg_cpu_s,avg_rss_mb,p50_lat_ms,p90_lat_ms,p99_lat_ms,duration_s
1,239.74,871,82.41,260.81,20054.0,36481.0,40025.0,41.711721
2,457.37,889,152.55,521.76,10206.0,18530.0,20438.0,21.86409
4,783.59,935,283.49,1032.87,5482.0,10253.0,11336.0,12.761835
8,1313.67,1118,484.31,2018.35,2744.0,5370.0,5959.0,7.612234
