processes,throughput_jps,cold_start_ms,avg_cpu_s,avg_rss_mb,p50_lat,p90_lat,p99_lat,duration
1,129.73,5737,55.98,193.60,33.066,56.052,60.847,77.080723
2,244.80,5749,98.14,381.10,13.984,22.231,24.263,40.849993
4,427.04,5845,175.34,724.95,5.498,5.61,5.635,23.416831
8,507.61,5834,272.62,1417.53,0.831,4.132,4.773,19.700004
