processes,throughput_jps,cold_start_ms,avg_cpu_s,avg_rss_mb,p50_lat,p90_lat,p99_lat,duration
1,134.03,771,80.49,250.57,21.318,49.326,54.666,74.611206
2,357.17,786,191.57,475.92,1.91,6.909,6.993,27.997872
4,450.37,837,259.92,919.63,0.004,0.008,0.023,22.204161
8,434.13,1200,319.66,1725.27,0.003,0.005,0.01,23.03433
16,443.94,1612,523.29,3288.62,0.004,0.005,0.008,22.525647
