processes,throughput_jps,cold_start_ms,avg_cpu_s,avg_rss_mb,p50_lat_ms,p90_lat_ms,p99_lat_ms,duration_s
1,243.88,865.0,83.185,260.33500000000004,19852.0,35850.5,39473.5,41.003316999999996
2,453.075,893.0,153.185,520.48,10260.5,18758.5,20679.5,22.0716115
4,785.25,933.5,284.53999999999996,1030.56,5463.0,10234.5,11324.0,12.73478
8,1292.0149999999999,1114.0,484.33500000000004,2016.2350000000001,2799.0,5468.5,6081.5,7.739853999999999
