processes,throughput_jps,cold_start_ms,avg_cpu_s,avg_rss_mb,p50_lat,p90_lat,p99_lat,duration
1,215.625,892.5,95.715,255.31,17.679000000000002,33.046,36.3485,46.377595
2,410.84,924.5,191.275,494.635,6.654999999999999,12.709,13.963000000000001,24.340832
4,719.245,955.5,371.08000000000004,951.09,1.0875,2.2855,2.6035,13.903595500000002
8,836.275,1183.0,499.37,1819.455,0.006,0.013,0.0795,11.957847000000001
