processes,throughput_jps,cold_start_ms,avg_cpu_s,avg_rss_mb,p50_lat,p90_lat,p99_lat,duration
1,79.93,820,80.27,289.47,46.293,91.881,101.392,125.116846
2,118.06,880,150.49,535.69,11.488,50.84,59.927,84.700605
4,367.13,913,384.99,993.30,0.127,0.231,0.259,27.237944
8,324.61,1199,592.91,1982.55,0.01,0.015,0.032,30.806273
