processes,throughput_jps,cold_start_ms,avg_cpu_s,avg_rss_mb,p50_lat_ms,p90_lat_ms,p99_lat_ms,duration_s
1,241.80,867,82.72,259.36,20090.0,36230.0,39780.0,41.356531
2,455.16,887,152.91,520.20,10187.0,18649.0,20559.0,21.970213
4,789.95,931,284.76,1033.52,5415.0,10187.0,11249.0,12.659055
8,1292.80,1007,506.68,2012.28,2766.0,5393.0,6059.0,7.73515
