processes,throughput_jps,cold_start_ms,avg_cpu_s,avg_rss_mb,p50_lat_ms,p90_lat_ms,p99_lat_ms,duration_s
1,241.91,860,83.83,261.39,19877.0,36011.0,39737.0,41.336971
2,449.15,892,153.78,520.37,10418.0,18909.0,20853.0,22.264438
4,788.43,938,282.82,1026.88,5465.0,10180.0,11264.0,12.683418
8,1290.66,1000,498.20,2014.50,2748.0,5471.0,6081.0,7.747999
