processes,throughput_jps,cold_start_ms,avg_cpu_s,avg_rss_mb,p50_lat_ms,p90_lat_ms,p99_lat_ms,duration_s
1,243.68,871,83.18,259.53,19860.0,35961.0,39518.0,41.036874
2,454.91,893,152.13,520.95,10196.0,18693.0,20591.0,21.982407
4,785.70,929,283.27,1031.24,5452.0,10233.0,11315.0,12.72747
8,1289.94,1134,477.15,2023.89,2850.0,5504.0,6119.0,7.752284
