processes,throughput_jps,cold_start_ms,avg_cpu_s,avg_rss_mb,p50_lat_ms,p90_lat_ms,p99_lat_ms,duration_s
1,337.61,2395,33.76,192.85,6171.0,8803.0,9367.0,29.620326
2,417.10,2387,60.91,376.02,2620.0,2861.0,2917.0,23.974861
4,453.16,2409,91.89,737.40,876.0,2234.0,2554.0,22.067341
8,443.43,2386,148.11,1470.47,1126.0,2643.0,3127.0,22.551465
