processes,throughput_jps,cold_start_ms,avg_cpu_s,avg_rss_mb,p50_lat,p90_lat,p99_lat,duration
1,171.53,871,84.64,230.52,14.549,28.637,31.867,58.298022
2,322.37,862,161.80,448.07,1.449,3.194,3.686,31.020214
4,361.05,864,166.16,1030.46,0.011,0.039,0.059,27.69697
8,360.41,871,174.76,2117.74,0.01,0.029,0.049,27.745889
