processes,throughput_jps,cold_start_ms,avg_cpu_s,avg_rss_mb,p50_lat_ms,p90_lat_ms,p99_lat_ms,duration_s
1,100.44,846,72.23,288.40,44081.0,78511.0,85692.0,99.562967
2,119.47,894,116.23,543.46,26451.0,61693.0,69031.0,83.702961
4,189.82,1100,239.49,1057.68,4735.0,29848.0,36865.0,52.682044
8,502.61,1201,561.90,2028.24,15.0,22.0,29.0,19.896136
