processes,throughput_jps,cold_start_ms,avg_cpu_s,avg_rss_mb,p50_lat,p90_lat,p99_lat,duration
1,138.36,749,65.21,190.90,27.882,49.506,54.218,72.274181
2,263.34,761,126.01,375.64,8.993,16.968,18.866,37.974026
4,464.79,804,252.53,732.18,0.204,1.188,1.473,21.515143
8,461.35,993,329.45,1366.66,0.004,0.004,0.005,21.675339
