processes,throughput_jps,cold_start_ms,avg_cpu_s,avg_rss_mb,p50_lat,p90_lat,p99_lat,duration
1,148.47500000000002,740.5,61.739999999999995,190.73,24.785,45.823,50.6175,67.3526785
2,265.27,762.0,124.785,375.615,8.6915,16.866999999999997,18.778,37.6974625
4,466.44500000000005,795.5,246.07,733.295,0.153,0.8645,1.298,21.438806
8,454.0,1051.0,317.555,1367.2,0.003,0.004,0.005,22.026369
