processes,throughput_jps,cold_start_ms,avg_cpu_s,avg_rss_mb,p50_lat_ms,p90_lat_ms,p99_lat_ms,duration_s
1,99.73,827,74.06,299.78,43618.0,79268.0,86513.0,100.27291
2,119.15,841,116.19,547.01,27285.0,62337.0,69532.0,83.927034
4,187.58,881,242.67,1047.41,4768.0,30473.0,37587.0,53.310712
8,499.83,1195,568.80,2005.89,15.0,22.0,31.0,20.006801
