processes,throughput_jps,cold_start_ms,avg_cpu_s,avg_rss_mb,p50_lat_ms,p90_lat_ms,p99_lat_ms,duration_s
1,99.82,807,73.24,288.96,43894.0,79099.0,86497.0,100.176095
2,120.19,860,117.36,534.27,26542.0,61505.0,68757.0,83.204403
4,186.56,875,242.13,1051.36,4842.0,30891.0,37904.0,53.601268
8,490.16,1202,564.34,1999.74,15.0,21.0,29.0,20.40149
