processes,throughput_jps,cold_start_ms,avg_cpu_s,avg_rss_mb,p50_lat,p90_lat,p99_lat,duration
1,136.15,846,80.65,249.24,19.582,47.564,52.907,73.449214
2,344.10,772,191.35,485.51,1.265,7.337,7.52,29.061046
4,441.87,878,275.80,918.03,0.004,0.008,0.039,22.631125
8,415.87,1128,325.93,1740.02,0.004,0.006,0.011,24.046151
16,431.49,1940,534.06,3278.52,0.004,0.005,0.009,23.175653
