processes,throughput_jps,cold_start_ms,avg_cpu_s,avg_rss_mb,p50_lat,p90_lat,p99_lat,duration
1,144.90,5703,52.75,193.54,28.734,48.471,53.059,69.013843
2,255.03,5736,94.65,377.57,13.603,20.985,22.681,39.211352
4,455.26,5763,164.89,717.81,4.667,5.01,5.055,21.965669
8,523.13,5822,267.32,1419.08,0.64,4.15,4.798,19.115866
