processes,throughput_jps,cold_start_ms,avg_cpu_s,avg_rss_mb,p50_lat_ms,p90_lat_ms,p99_lat_ms,duration_s
1,245.56,866,83.93,262.89,19754.0,35608.0,39198.0,40.723221
2,454.08,894,153.60,526.07,10255.0,18704.0,20629.0,22.022673
4,789.15,936,284.73,1035.40,5438.0,10170.0,11262.0,12.671812
8,1288.08,1125,479.40,2018.46,2800.0,5492.0,6115.0,7.763521
