processes,throughput_jps,cold_start_ms,avg_cpu_s,avg_rss_mb,p50_lat,p90_lat,p99_lat,duration
1,234.35,863,97.56,254.56,15.63,29.037,32.141,42.67098
2,416.02,3416,198.00,465.49,9.078,14.665,15.975,24.037153
4,740.85,2631,383.94,901.95,2.655,3.805,4.053,13.498015
8,858.17,1119,475.30,1815.04,0.005,0.011,0.046,11.652642
