processes,throughput_jps,cold_start_ms,avg_cpu_s,avg_rss_mb,p50_lat_ms,p90_lat_ms,p99_lat_ms,duration_s
1,98.44,808,71.66,303.54,44630.0,80452.0,87796.0,101.587085
2,119.88,831,117.17,546.07,26150.0,61633.0,68907.0,83.414759
4,182.34,880,239.94,1012.16,4789.0,31822.0,38996.0,54.842562
8,492.17,1272,561.76,2020.28,15.0,21.0,28.0,20.318132
