processes,throughput_jps,cold_start_ms,avg_cpu_s,avg_rss_mb,p50_lat,p90_lat,p99_lat,duration
1,83.92,868,80.86,286.08,41.753,86.161,95.415,119.167204
2,119.41,915,151.23,534.69,11.457,49.895,58.797,83.744245
4,336.50,980,385.88,977.11,0.178,0.8,2.192,29.717301
8,314.61,1295,608.04,1989.43,0.01,0.016,0.032,31.785765
