processes,throughput_jps,cold_start_ms,avg_cpu_s,avg_rss_mb,p50_lat,p90_lat,p99_lat,duration
1,130.89,5726,55.78,196.26,31.906,55.037,60.146,76.397776
2,246.14,5797,99.39,376.30,14.403,22.045,23.741,40.627235
4,438.82,5772,170.93,720.77,5.048,5.172,5.231,22.788518
8,512.16,5836,285.64,1412.78,0.969,4.256,4.727,19.525068
