processes,throughput_jps,cold_start_ms,avg_cpu_s,avg_rss_mb,p50_lat_ms,p90_lat_ms,p99_lat_ms,duration_s
1,243.31,865,82.62,259.71,19847.0,35880.0,39576.0,41.100382
2,445.72,891,152.13,519.82,10469.0,19168.0,21047.0,22.435687
4,784.06,933,285.37,1032.17,5448.0,10250.0,11344.0,12.754123
8,1304.71,1000,503.88,2009.51,2768.0,5398.0,6009.0,7.664566
