processes,throughput_jps,cold_start_ms,avg_cpu_s,avg_rss_mb,p50_lat_ms,p90_lat_ms,p99_lat_ms,duration_s
1,335.05,1735,32.75,191.00,6655.0,9182.0,9780.0,29.845871
2,412.34,2408,62.54,370.29,2819.0,3203.0,3260.0,24.252004
4,470.22,2414,103.16,735.09,793.0,2778.0,3030.0,21.266519
8,466.77,2390,157.71,1466.55,640.0,2720.0,3162.0,21.423736
