processes,throughput_jps,cold_start_ms,avg_cpu_s,avg_rss_mb,p50_lat,p90_lat,p99_lat,duration
1,204.77,872,94.86,255.59,18.118,35.115,38.237,48.835142
2,428.78,901,191.37,496.03,6.263,11.479,12.645,23.321951
4,641.24,1013,373.99,976.26,1.534,3.475,3.845,15.594672
8,821.20,1199,501.24,1890.85,0.007,0.154,0.365,12.177306
