processes,throughput_jps,cold_start_ms,avg_cpu_s,avg_rss_mb,p50_lat_ms,p90_lat_ms,p99_lat_ms,duration_s
1,242.88,866,82.41,263.11,20239.0,36009.0,39536.0,41.173381
2,453.77,892,153.17,521.74,10237.0,18749.0,20655.0,22.037791
4,782.69,934,284.06,1031.62,5481.0,10274.0,11359.0,12.776466
8,1303.12,1128,481.78,2033.27,2749.0,5372.0,5986.0,7.673894
