processes,throughput_jps,cold_start_ms,avg_cpu_s,avg_rss_mb,p50_lat_ms,p90_lat_ms,p99_lat_ms,duration_s
1,242.67,886,83.76,259.19,19682.0,35895.0,39622.0,41.207929
2,442.11,910,153.31,522.17,10751.0,19280.0,21231.0,22.618779
4,780.89,932,282.48,1029.01,5512.0,10332.0,11409.0,12.80589
8,1286.92,1100,484.09,2022.24,2819.0,5467.0,6082.0,7.770515
