processes,throughput_jps,cold_start_ms,avg_cpu_s,avg_rss_mb,p50_lat_ms,p90_lat_ms,p99_lat_ms,duration_s
1,320.98,2356,34.44,188.99,6344.0,9719.0,10426.0,31.154566
2,386.25,2273,63.04,368.24,4235.0,4695.0,4993.0,25.889902
4,467.37,2256,97.90,732.70,755.0,2941.0,3138.0,21.396105
8,452.59,2393,147.27,1477.97,924.0,2525.0,3035.0,22.095064
