processes,throughput_jps,cold_start_ms,avg_cpu_s,avg_rss_mb,p50_lat,p90_lat,p99_lat,duration
1,123.29,793,73.85,248.10,36.351,55.508,60.089,81.107298
2,314.41,858,189.67,475.39,2.525,9.816,10.109,31.805751
4,443.39,825,260.04,920.41,0.004,0.008,0.032,22.553445
8,442.82,996,315.76,1734.78,0.003,0.005,0.01,22.582626
16,413.88,1655,510.80,3270.99,0.004,0.005,0.009,24.161819
