processes,throughput_jps,cold_start_ms,avg_cpu_s,avg_rss_mb,p50_lat,p90_lat,p99_lat,duration
1,172.61,862,83.91,228.43,14.803,28.285,31.545,57.93507
2,320.79,857,161.21,476.88,1.461,3.252,3.8,31.172778
4,360.54,869,163.75,1045.24,0.011,0.036,0.056,27.736197
8,358.57,861,171.74,2142.27,0.01,0.031,0.049,27.888235
