processes,throughput_jps,cold_start_ms,avg_cpu_s,avg_rss_mb,p50_lat,p90_lat,p99_lat,duration
1,135.85,5707,54.09,194.87,31.44,52.289,57.478,73.609343
2,237.09,5761,99.60,380.95,14.985,23.334,25.339,42.178949
4,422.52,5810,173.14,721.53,5.459,5.647,5.672,23.667737
8,507.78,5853,286.06,1424.84,0.698,4.144,4.706,19.693404
