processes,throughput_jps,cold_start_ms,avg_cpu_s,avg_rss_mb,p50_lat_ms,p90_lat_ms,p99_lat_ms,duration_s
1,327.23,2271,33.43,182.17,6908.0,10050.0,10745.0,30.559226
2,398.15,2367,63.60,370.96,3859.0,4155.0,4185.0,25.115914
4,454.76,2393,100.99,734.57,821.0,2328.0,2657.0,21.989604
8,427.47,2225,142.57,1479.15,1486.0,3014.0,3577.0,23.393611
