processes,throughput_jps,cold_start_ms,avg_cpu_s,avg_rss_mb,p50_lat_ms,p90_lat_ms,p99_lat_ms,duration_s
1,244.57,864,83.02,259.86,19804.0,35672.0,39354.0,40.888426
2,453.80,897,153.99,521.12,10266.0,18708.0,20614.0,22.036343
4,785.40,932,284.75,1028.02,5397.0,10165.0,11309.0,12.732307
8,1276.68,1123,477.50,2008.56,2992.0,5639.0,6255.0,7.832809
