processes,throughput_jps,cold_start_ms,avg_cpu_s,avg_rss_mb,p50_lat,p90_lat,p99_lat,duration
1,142.325,801.0,81.78,249.05,21.9315,45.832499999999996,49.9375,70.2876895
2,353.39,791.5,190.615,477.115,1.4485000000000001,6.9215,7.1775,28.297661
4,443.94500000000005,838.0,260.64,919.975,0.004,0.008,0.025,22.525173000000002
8,435.54999999999995,1126.5,319.885,1721.8,0.004,0.0055,0.011,22.9592415
