processes,throughput_jps,cold_start_ms,avg_cpu_s,avg_rss_mb,p50_lat,p90_lat,p99_lat,duration
1,169.13,825,93.26,251.29,20.75,35.842,38.997,59.126271
2,354.69,810,191.91,480.45,0.815,7.19,7.637,28.193453
4,443.72,823,261.24,928.65,0.004,0.009,0.025,22.536497
8,445.63,1112,318.20,1724.53,0.004,0.006,0.009,22.440375
16,434.96,1577,523.07,3293.45,0.004,0.005,0.008,22.99036
