processes,throughput_jps,cold_start_ms,avg_cpu_s,avg_rss_mb,p50_lat,p90_lat,p99_lat,duration
1,134.74,5726.0,54.74,193.655,31.558,53.2655,58.164,74.2168725
2,242.1,5760.0,98.725,377.83,14.5705,22.721,24.564,41.30474649999999
4,423.055,5787.0,173.305,722.04,5.369,5.6165,5.711,23.637582000000002
8,510.805,5857.0,282.505,1415.81,0.9005000000000001,4.1114999999999995,4.707000000000001,19.577035000000002
