processes,throughput_jps,cold_start_ms,avg_cpu_s,avg_rss_mb,p50_lat,p90_lat,p99_lat,duration
1,88.425,866.5,81.89,287.68,39.8085,80.4825,89.53899999999999,113.094389
2,119.235,874.0,150.635,536.62,11.4575,49.842,58.939,83.8683
4,366.735,932.0,385.125,983.085,0.074,0.2565,0.307,27.267708
8,311.74,1278.0,602.39,1978.3049999999998,0.011,0.0165,0.034,32.080971500000004
16,250.95,1653.0,970.05,3314.84,0.012,0.019,0.029,39.847923
