processes,throughput_jps,cold_start_ms,avg_cpu_s,avg_rss_mb,p50_lat,p90_lat,p99_lat,duration
1,88.39,965,82.56,288.00,37.851,80.352,89.481,113.139466
2,114.02,905,149.34,547.76,11.525,52.829,62.668,87.703831
4,323.57,1001,386.62,984.12,0.234,0.817,2.276,30.904787
8,284.44,1334,615.50,1995.41,0.013,0.019,0.04,35.15621
