processes,throughput_jps,cold_start_ms,avg_cpu_s,avg_rss_mb,p50_lat,p90_lat,p99_lat,duration
1,199.47,927,93.75,256.72,19.004,35.93,39.08,50.132406
2,401.67,921,190.54,494.82,6.712,12.783,13.936,24.895829
4,691.81,990,371.11,949.44,1.109,2.444,2.985,14.45483
8,810.71,1254,482.56,1811.09,0.006,0.013,0.048,12.334914
