processes,throughput_jps,cold_start_ms,avg_cpu_s,avg_rss_mb,p50_lat_ms,p90_lat_ms,p99_lat_ms,duration_s
1,100.13,820,72.67,287.55,44083.0,78981.0,86153.0,99.869773
2,119.35,831,116.28,541.19,26945.0,62125.0,69382.0,83.789227
4,189.23,882,242.17,1049.76,4718.0,30088.0,37223.0,52.846646
8,487.41,1238,559.98,2002.16,15.0,21.0,29.0,20.516464
