processes,throughput_jps,cold_start_ms,avg_cpu_s,avg_rss_mb,p50_lat_ms,p90_lat_ms,p99_lat_ms,duration_s
1,326.72,2405,34.65,184.29,6018.0,9119.0,9862.0,30.607265
2,397.76,2405,62.48,370.74,3984.0,4481.0,4598.0,25.140658
4,456.01,2376,100.93,732.53,908.0,2889.0,3197.0,21.929501
8,451.17,2372,148.27,1460.18,792.0,2507.0,3003.0,22.164812
