processes,throughput_jps,cold_start_ms,avg_cpu_s,avg_rss_mb,p50_lat_ms,p90_lat_ms,p99_lat_ms,duration_s
1,102.13,931,72.95,298.32,42866.0,77024.0,84153.0,97.917983
2,121.09,835,117.47,545.09,25935.0,60948.0,67978.0,82.584388
4,191.80,889,241.42,1044.35,4719.0,29338.0,36394.0,52.137742
8,501.62,1287,560.55,2002.92,15.0,22.0,30.0,19.93549
