processes,throughput_jps,cold_start_ms,avg_cpu_s,avg_rss_mb,p50_lat,p90_lat,p99_lat,duration
1,214.97,968,95.86,253.92,17.635,32.53,35.742,46.517897
2,413.05,927,190.69,493.95,6.672,12.1,13.317,24.210437
4,704.01,1088,370.07,938.93,1.318,2.569,2.825,14.204353
8,820.39,1223,511.63,1779.29,0.006,0.014,0.084,12.189311
