processes,throughput_jps,cold_start_ms,avg_cpu_s,avg_rss_mb,p50_lat,p90_lat,p99_lat,duration
1,160.64,749,87.62,244.24,22.545,38.589,41.894,62.24986
2,351.70,810,191.85,479.73,1.809,6.786,6.956,28.433372
4,447.95,824,266.84,916.86,0.004,0.008,0.028,22.323705
8,428.77,941,324.80,1721.87,0.004,0.005,0.01,23.322288
16,435.04,1449,521.29,3277.20,0.004,0.005,0.009,22.986258
