processes,throughput_jps,cold_start_ms,avg_cpu_s,avg_rss_mb,p50_lat_ms,p90_lat_ms,p99_lat_ms,duration_s
1,327.63,2373,34.04,192.89,6415.0,9515.0,10216.0,30.522511
2,400.72,2403,62.83,373.55,2769.0,3439.0,3512.0,24.955106
4,438.10,2420,110.88,750.91,681.0,1705.0,2019.0,22.826074
8,430.01,1267,160.47,1463.06,1120.0,2966.0,3469.0,23.255195
