processes,throughput_jps,cold_start_ms,avg_cpu_s,avg_rss_mb,p50_lat,p90_lat,p99_lat,duration
1,135.27,5737,55.07,193.49,32.439,53.53,57.975,73.925672
2,245.58,5741,97.21,377.36,14.102,22.038,24.175,40.720682
4,422.57,5807,174.49,721.03,5.591,5.769,5.805,23.66477
8,521.69,5873,284.69,1415.69,0.939,4.104,4.684,19.168398
