processes,throughput_jps,cold_start_ms,avg_cpu_s,avg_rss_mb,p50_lat,p90_lat,p99_lat,duration
1,134.37,5763,55.02,193.58,31.882,53.289,58.353,74.420315
2,238.62,5763,98.97,376.82,14.903,23.257,25.238,41.907552
4,423.54,5808,174.48,715.75,5.362,5.623,5.746,23.610394
8,516.54,5879,288.44,1413.55,0.858,4.203,4.73,19.359723
