processes,throughput_jps,cold_start_ms,avg_cpu_s,avg_rss_mb,p50_lat_ms,p90_lat_ms,p99_lat_ms,duration_s
1,334.87,2072,33.12,187.43,6114.0,9034.0,9715.0,29.86248
2,417.30,2395,60.62,369.39,3529.0,3635.0,3662.0,23.963505
4,455.42,2296,99.12,732.29,920.0,2762.0,3021.0,21.957959
8,414.14,1133,183.89,1552.57,372.0,996.0,1241.0,24.14668
