processes,throughput_jps,cold_start_ms,avg_cpu_s,avg_rss_mb,p50_lat,p90_lat,p99_lat,duration
1,130.45,801,76.71,249.16,25.481,51.593,56.28,76.658111
2,370.30,776,190.65,477.60,0.892,5.891,6.065,27.0053
4,451.87,818,249.68,921.53,0.003,0.007,0.016,22.130335
8,440.19,1090,311.92,1716.75,0.003,0.005,0.011,22.717209
16,447.98,1626,509.50,3245.58,0.003,0.004,0.007,22.322279
