processes,throughput_jps,cold_start_ms,avg_cpu_s,avg_rss_mb,p50_lat_ms,p90_lat_ms,p99_lat_ms,duration_s
1,244.10,878,85.10,262.90,19921.0,35784.0,39425.0,40.966721
2,436.37,911,152.10,519.22,10575.0,19510.0,21459.0,22.916135
4,782.99,954,285.98,1029.69,5508.0,10236.0,11333.0,12.771611
8,1259.43,1150,482.07,2002.67,2907.0,5642.0,6256.0,7.940085
