processes,throughput_jps,cold_start_ms,avg_cpu_s,avg_rss_mb,p50_lat_ms,p90_lat_ms,p99_lat_ms,duration_s
1,100.20,841,73.49,286.20,42941.0,78710.0,86063.0,99.796342
2,118.05,861,116.73,541.90,27632.0,62705.0,70363.0,84.70797
4,189.73,983,247.01,1024.03,4887.0,29855.0,36890.0,52.706171
8,493.41,982,581.43,2033.39,15.0,22.0,30.0,20.267027
