processes,throughput_jps,cold_start_ms,avg_cpu_s,avg_rss_mb,p50_lat_ms,p90_lat_ms,p99_lat_ms,duration_s
1,326.06,2335,34.57,189.01,6101.0,9346.0,9955.0,30.668998
2,400.77,2365,62.87,371.58,2790.0,3201.0,3422.0,24.952094
4,445.35,2377,92.39,748.95,493.0,2111.0,2416.0,22.454163
8,450.86,2371,145.51,1476.13,1195.0,2220.0,2762.0,22.180053
