processes,throughput_jps,cold_start_ms,avg_cpu_s,avg_rss_mb,p50_lat,p90_lat,p99_lat,duration
1,116.53,802,71.78,248.49,35.609,60.578,65.162,85.817924
2,352.09,828,190.79,475.58,1.943,7.216,7.422,28.401869
4,442.61,838,269.56,927.67,0.004,0.008,0.033,22.593212
8,434.28,1194,329.76,1744.51,0.004,0.007,0.013,23.026768
16,424.71,1648,537.97,3306.60,0.004,0.005,0.01,23.54534
