processes,throughput_jps,cold_start_ms,avg_cpu_s,avg_rss_mb,p50_lat,p90_lat,p99_lat,duration
1,155.69,793,91.18,245.27,19.557,38.485,43.519,64.229129
2,331.27,834,191.42,473.15,2.209,8.312,8.615,30.186681
4,432.59,835,277.99,933.66,0.005,0.011,0.03,23.116591
8,441.18,1301,333.17,1720.87,0.004,0.007,0.012,22.666547
16,424.08,1619,524.03,3280.30,0.004,0.005,0.008,23.580469
