processes,throughput_jps,cold_start_ms,avg_cpu_s,avg_rss_mb,p50_lat_ms,p90_lat_ms,p99_lat_ms,duration_s
1,243.32,860,83.03,259.65,19804.0,35990.0,39485.0,41.097713
2,451.72,891,152.74,520.55,10285.0,18855.0,20757.0,22.137397
4,785.10,933,285.65,1035.93,5470.0,10250.0,11333.0,12.737253
8,1288.78,1113,482.87,2008.38,2833.0,5517.0,6133.0,7.759292
