processes,throughput_jps,cold_start_ms,avg_cpu_s,avg_rss_mb,p50_lat,p90_lat,p99_lat,duration
1,216.28,911,95.69,256.54,17.723,32.059,35.501,46.237293
2,369.28,3432,194.00,472.01,10.44,17.058,18.777,27.079518
4,623.94,1545,377.66,954.56,2.312,4.237,4.794,16.027084
8,822.92,1215,495.35,1862.23,0.006,0.015,0.075,12.151839
