processes,throughput_jps,cold_start_ms,avg_cpu_s,avg_rss_mb,p50_lat,p90_lat,p99_lat,duration
1,221.78,896,96.07,254.28,17.166,31.251,34.456,45.089756
2,417.86,922,191.41,496.50,6.451,11.933,13.231,23.931561
4,745.08,949,371.96,950.61,0.84,1.92,2.16,13.421316
8,838.26,1022,505.88,1812.17,0.006,0.014,0.211,11.929484
