processes,throughput_jps,cold_start_ms,avg_cpu_s,avg_rss_mb,p50_lat_ms,p90_lat_ms,p99_lat_ms,duration_s
1,244.50,863,83.09,258.37,19813.0,35800.0,39356.0,40.899728
2,456.62,893,151.92,517.63,10251.0,18561.0,20501.0,21.900089
4,779.18,933,283.88,1030.40,5535.0,10344.0,11420.0,12.833967
8,1295.44,1113,488.16,2017.97,2788.0,5470.0,6080.0,7.71937
