processes,throughput_jps,cold_start_ms,avg_cpu_s,avg_rss_mb,p50_lat_ms,p90_lat_ms,p99_lat_ms,duration_s
1,99.80,814,73.10,296.55,43794.0,78969.0,86284.0,100.199519
2,118.69,856,115.70,546.54,27507.0,62465.0,69887.0,84.25617
4,188.60,890,240.49,1043.81,4732.0,30220.0,37286.0,53.023277
8,499.50,1174,562.15,2024.12,15.0,21.0,29.0,20.02006
