processes,throughput_jps,cold_start_ms,avg_cpu_s,avg_rss_mb,p50_lat,p90_lat,p99_lat,duration
1,135.31,5726,54.52,198.06,30.347,51.832,57.774,73.903916
2,249.81,5726,95.70,376.42,13.73,21.434,23.389,40.030624
4,445.35,5770,166.73,731.24,4.95,5.176,5.303,22.454157
8,516.70,5866,281.78,1410.56,0.968,4.103,4.715,19.353651
16,402.82,1558,480.89,2822.52,0.803,2.38,3.179,24.825041
