processes,throughput_jps,cold_start_ms,avg_cpu_s,avg_rss_mb,p50_lat_ms,p90_lat_ms,p99_lat_ms,duration_s
1,94.38,808,74.21,308.95,48047.0,85767.0,93698.0,105.956167
2,115.48,938,115.11,570.49,39459.0,102431.0,105120.0,86.593268
4,182.38,881,263.37,1149.00,6179.0,34858.0,79886.0,54.829675
8,507.89,1084,597.94,2052.58,15.0,22.0,30.0,19.689141
