processes,throughput_jps,cold_start_ms,avg_cpu_s,avg_rss_mb,p50_lat_ms,p90_lat_ms,p99_lat_ms,duration_s
1,56.13,991,57.42,317.66,111692.0,155205.0,170566.0,178.145421
2,68.39,952,76.99,592.45,186608.0,226227.0,241290.0,146.225583
4,84.21,945,144.67,1071.96,149808.0,158904.0,165521.0,118.753595
8,330.29,1001,474.10,2083.97,12320.0,122668.0,124337.0,30.276298
