processes,throughput_jps,cold_start_ms,avg_cpu_s,avg_rss_mb,p50_lat,p90_lat,p99_lat,duration
1,147.09,746,61.29,190.67,18.229,53.738,58.08,67.986412
2,264.76,765,125.34,375.81,8.683,16.707,18.684,37.769782
4,474.12,792,247.00,734.51,0.087,0.706,6.41,21.091545
8,456.66,1052,315.64,1322.80,0.003,0.004,0.005,21.897927
