processes,throughput_jps,cold_start_ms,avg_cpu_s,avg_rss_mb,p50_lat,p90_lat,p99_lat,duration
1,233.76,882,97.65,255.12,15.979,29.117,32.193,42.779648
2,412.34,6013,202.94,480.88,11.844,17.615,18.959,24.252024
4,769.67,929,369.79,941.06,0.619,1.493,1.792,12.992646
8,854.75,1167,473.10,1860.71,0.005,0.012,0.056,11.699356
