processes,throughput_jps,cold_start_ms,avg_cpu_s,avg_rss_mb,p50_lat,p90_lat,p99_lat,duration
1,132.84,811,84.77,249.26,22.688,49.638,55.116,75.278619
2,323.25,819,188.69,477.92,2.709,9.232,9.404,30.936225
4,444.17,856,259.10,920.32,0.004,0.009,0.022,22.513849
8,427.13,1163,320.90,1714.73,0.004,0.007,0.012,23.411912
16,444.64,1429,530.46,3270.70,0.003,0.004,0.007,22.490113
