processes,throughput_jps,cold_start_ms,avg_cpu_s,avg_rss_mb,p50_lat,p90_lat,p99_lat,duration
1,146.53,736,61.66,191.10,25.19,45.661,50.215,68.245557
2,260.18,759,126.26,376.12,9.165,17.454,19.505,38.434227
4,474.47,788,244.72,731.36,0.109,0.788,0.99,21.076129
8,450.59,1054,311.43,1401.93,0.003,0.004,0.005,22.193042
