processes,throughput_jps,cold_start_ms,avg_cpu_s,avg_rss_mb,p50_lat_ms,p90_lat_ms,p99_lat_ms,duration_s
1,100.06,812,72.82,294.66,44005.0,78931.0,86235.0,99.938668
2,121.71,907,117.10,556.38,26206.0,60577.0,67659.0,82.164424
4,191.11,876,246.90,1048.53,4707.0,29453.0,36588.0,52.324595
8,490.96,1249,561.95,1985.93,14.0,21.0,29.0,20.368398
