processes,throughput_jps,cold_start_ms,avg_cpu_s,avg_rss_mb,p50_lat_ms,p90_lat_ms,p99_lat_ms,duration_s
1,99.81,845,73.55,301.41,43520.0,78978.0,86405.0,100.188367
2,119.14,850,116.46,536.87,26685.0,62301.0,69380.0,83.93308
4,188.03,880,244.64,1041.88,4698.0,30292.0,37404.0,53.183502
8,490.20,1061,576.12,2005.56,15.0,22.0,29.0,20.399997
