processes,throughput_jps,cold_start_ms,avg_cpu_s,avg_rss_mb,p50_lat,p90_lat,p99_lat,duration
1,86.08,898,80.94,294.59,41.371,83.433,92.621,116.165907
2,116.32,892,148.74,538.03,11.652,51.678,61.056,85.966797
4,360.59,931,385.10,982.05,0.072,0.243,0.3,27.73247
8,308.87,1049,618.88,1887.95,0.011,0.017,0.041,32.376178
