processes,throughput_jps,cold_start_ms,avg_cpu_s,avg_rss_mb,p50_lat,p90_lat,p99_lat,duration
1,134.42,819,80.65,244.94,27.872,50.836,54.359,74.39138
2,327.25,785,191.77,484.08,2.465,8.512,9.134,30.557646
4,438.95,833,265.49,924.15,0.004,0.01,0.025,22.781572
8,426.61,1149,329.64,1721.73,0.003,0.005,0.008,23.440729
16,423.85,2007,513.56,3249.29,0.004,0.006,0.01,23.59333
