processes,throughput_jps,cold_start_ms,avg_cpu_s,avg_rss_mb,p50_lat,p90_lat,p99_lat,duration
1,166.32,939,86.93,255.37,22.127,43.922,49.115,60.125441
2,376.28,953,190.18,499.87,7.687,13.858,15.527,26.5761
4,693.88,952,367.99,955.07,1.147,2.369,2.657,14.411773
8,810.29,1236,504.85,1832.38,0.006,0.014,0.068,12.341185
