processes,throughput_jps,cold_start_ms,avg_cpu_s,avg_rss_mb,p50_lat,p90_lat,p99_lat,duration
1,142.98,5699,53.15,194.52,29.158,49.142,53.857,69.938276
2,240.06,5756,97.97,378.86,14.415,22.821,24.855,41.656452
4,439.21,5777,169.66,719.51,5.063,5.142,5.196,22.768118
8,509.61,5838,276.25,1403.00,1.381,4.068,4.64,19.622897
