processes,throughput_jps,cold_start_ms,avg_cpu_s,avg_rss_mb,p50_lat,p90_lat,p99_lat,duration
1,145.03,754,82.20,247.98,23.937,44.101,48.613,68.952793
2,364.82,779,190.01,480.53,1.557,5.913,6.028,27.410993
4,458.69,865,255.44,913.40,0.003,0.006,0.022,21.800983
8,435.53,950,311.16,1750.48,0.003,0.005,0.012,22.960284
16,447.87,1571,517.26,3260.78,0.003,0.004,0.006,22.32794
