processes,throughput_jps,cold_start_ms,avg_cpu_s,avg_rss_mb,p50_lat_ms,p90_lat_ms,p99_lat_ms,duration_s
1,99.39,804,72.67,296.23,44119.0,79508.0,86835.0,100.617107
2,119.49,841,116.81,544.72,26643.0,61811.0,69192.0,83.686956
4,187.91,885,241.58,1064.01,4759.0,30477.0,37535.0,53.215873
8,494.25,1167,567.99,2021.77,14.0,21.0,28.0,20.232788
