processes,throughput_jps,cold_start_ms,avg_cpu_s,avg_rss_mb,p50_lat,p90_lat,p99_lat,duration
1,136.78,5732,54.90,193.47,31.118,52.05,56.872,73.112192
2,242.97,5775,98.47,373.73,14.55,22.56,24.56,41.158144
4,430.02,5790,172.82,724.03,5.272,5.378,5.418,23.254511
8,397.22,1074,283.04,1447.02,0.773,1.85,2.354,25.175145
