processes,throughput_jps,cold_start_ms,avg_cpu_s,avg_rss_mb,p50_lat,p90_lat,p99_lat,duration
1,144.88,738,60.83,191.05,26.391,45.985,50.6,69.021699
2,268.54,764,124.21,375.86,8.599,16.22,17.991,37.238257
4,466.98,799,242.87,731.04,0.124,0.799,1.133,21.414236
8,445.08,1078,328.20,1367.74,0.003,0.004,0.005,22.468053
