processes,throughput_jps,cold_start_ms,avg_cpu_s,avg_rss_mb,p50_lat_ms,p90_lat_ms,p99_lat_ms,duration_s
1,100.32,830,73.03,288.53,43784.0,78719.0,85990.0,99.679055
2,120.69,834,117.69,553.71,26091.0,61016.0,68325.0,82.856138
4,191.06,883,244.39,1043.50,4735.0,29384.0,36648.0,52.340106
8,492.71,1208,570.69,2024.11,15.0,22.0,31.0,20.296021
