processes,throughput_jps,cold_start_ms,avg_cpu_s,avg_rss_mb,p50_lat_ms,p90_lat_ms,p99_lat_ms,duration_s
1,244.08,860,83.58,261.72,19895.0,35821.0,39462.0,40.96976
2,454.84,892,153.05,517.36,10228.0,18718.0,20580.0,21.985657
4,775.63,938,284.14,1030.72,5508.0,10364.0,11484.0,12.892687
8,1300.73,1115,486.13,2007.63,2784.0,5420.0,6036.0,7.68801
