processes,throughput_jps,cold_start_ms,avg_cpu_s,avg_rss_mb,p50_lat,p90_lat,p99_lat,duration
1,131.32,810,79.28,251.32,19.493,47.736,54.642,76.147884
2,370.58,766,190.14,479.07,1.333,5.678,5.861,26.984546
4,452.80,810,252.20,911.30,0.003,0.005,0.022,22.084839
8,435.80,946,311.33,1738.41,0.004,0.008,0.017,22.946334
16,407.12,1410,493.06,3310.77,0.004,0.005,0.007,24.5628
