processes,throughput_jps,cold_start_ms,avg_cpu_s,avg_rss_mb,p50_lat_ms,p90_lat_ms,p99_lat_ms,duration_s
1,319.31,2377,35.51,189.67,6683.0,9855.0,10639.0,31.317092
2,401.81,2435,63.42,377.71,2898.0,3302.0,3341.0,24.887595
4,460.63,2360,99.26,731.88,866.0,2890.0,3154.0,21.709584
8,442.05,1988,143.71,1471.89,1282.0,2482.0,2966.0,22.622035
