processes,throughput_jps,cold_start_ms,avg_cpu_s,avg_rss_mb,p50_lat,p90_lat,p99_lat,duration
1,87.26,865,80.80,288.98,42.265,82.72,90.921,114.599768
2,118.48,981,151.16,529.14,11.882,50.654,59.21,84.401133
4,366.91,925,385.81,986.36,0.046,0.206,0.294,27.254503
8,326.34,1101,604.68,1994.74,0.01,0.015,0.041,30.64251
