processes,throughput_jps,cold_start_ms,avg_cpu_s,avg_rss_mb,p50_lat,p90_lat,p99_lat,duration
1,87.45,1065,82.64,287.95,40.942,81.23,90.324,114.352826
2,121.78,952,150.78,541.55,11.409,48.756,57.222,82.115152
4,347.50,955,384.30,986.95,0.144,0.484,0.817,28.777013
8,287.96,1116,615.74,2000.99,0.012,0.018,0.038,34.726482
