processes,throughput_jps,cold_start_ms,avg_cpu_s,avg_rss_mb,p50_lat_ms,p90_lat_ms,p99_lat_ms,duration_s
1,249.11,864,83.37,262.46,19431.0,35067.0,38568.0,40.142505
2,454.28,897,153.37,516.72,10251.0,18680.0,20618.0,22.013067
4,796.56,934,284.95,1029.87,5398.0,10085.0,11135.0,12.553948
8,1303.92,1004,499.65,2008.38,2753.0,5397.0,6008.0,7.66917
