processes,throughput_jps,cold_start_ms,avg_cpu_s,avg_rss_mb,p50_lat,p90_lat,p99_lat,duration
1,137.27,5733,54.15,197.97,29.917,52.048,56.864,72.848566
2,230.79,5819,100.99,381.73,15.263,24.263,26.423,43.328805
4,402.10,5809,176.25,718.02,5.753,6.529,6.601,24.869298
8,515.15,5882,290.51,1413.08,1.012,4.042,4.616,19.411746
