processes,throughput_jps,cold_start_ms,avg_cpu_s,avg_rss_mb,p50_lat,p90_lat,p99_lat,duration
1,133.87,5727,54.48,193.75,31.676,53.343,58.415,74.700304
2,231.19,5759,100.53,377.76,15.289,24.194,26.296,43.25523
4,413.39,5779,174.23,718.28,5.436,5.978,6.047,24.190265
8,517.84,5844,269.51,1417.18,1.151,4.093,4.703,19.310849
