processes,throughput_jps,cold_start_ms,avg_cpu_s,avg_rss_mb,p50_lat,p90_lat,p99_lat,duration
1,134.27,5730,54.98,198.19,31.439,53.242,58.38,74.474919
2,243.34,5769,98.97,377.90,14.916,22.602,24.402,41.094897
4,461.43,5762,165.23,718.82,4.612,5.049,5.113,21.671796
8,410.17,1008,274.47,1443.02,0.727,1.7,1.958,24.379875
