threads,throughput_jps,cold_start_ms,avg_cpu_s,avg_rss_mb,p50_lat,p90_lat,p99_lat,duration
1,420.82,850.5,299.115,548.91,0.111,2.9604999999999997,4.599,23.7630395
2,438.95000000000005,851.5,282.88,577.0699999999999,0.004,0.037,0.076,22.781562
4,441.61,844.0,235.57999999999998,629.655,0.003,0.014,0.051000000000000004,22.644278
8,439.695,833.5,225.01999999999998,667.3199999999999,0.003,0.009,0.0475,22.7430035
