threads,throughput_jps,cold_start_ms,avg_cpu_s,avg_rss_mb,p50_lat,p90_lat,p99_lat,duration
1,331.975,881.0,236.2,547.135,0.33499999999999996,0.753,0.9385,30.12267
2,344.63,880.0,212.15,594.405,0.016,0.047,0.095,29.016641999999997
4,352.435,888.0,188.93,670.855,0.014499999999999999,0.0405,0.07,28.37416
8,357.59000000000003,898.0,175.565,799.105,0.012,0.0325,0.0735,27.964969500000002
