threads,throughput_jps,cold_start_ms,avg_cpu_s,avg_rss_mb,p50_lat,p90_lat,p99_lat,duration
1,120.16999999999999,881.5,215.325,600.74,6.1945,44.8565,57.019000000000005,83.3408795
2,292.565,892.5,355.725,631.325,0.8115,1.8155000000000001,6.7465,34.1806815
4,363.6,900.5,385.305,699.86,0.012,0.025500000000000002,0.142,27.502717500000003
8,367.94,907.0,388.14,834.3299999999999,0.013,0.022,0.1225,27.1785315
