threads,throughput_jps,cold_start_ms,avg_cpu_s,avg_rss_mb,p50_lat,p90_lat,p99_lat,duration
1,426.01,943.0,329.86,543.905,5.954000000000001,11.284500000000001,12.540500000000002,23.475884
2,637.6700000000001,945.5,375.095,582.885,2.149,3.8735,4.2905,15.682629500000001
4,831.415,947.0,391.68,660.3299999999999,0.3135,0.39749999999999996,0.4245,12.027716999999999
8,848.505,949.0,357.04999999999995,825.0250000000001,0.004,0.1485,0.2835,11.785474
16,852.45,947.0,345.51,1074.65,0.005,0.14,0.302,11.73091
