processes,throughput_jps,cold_start_ms,avg_cpu_s,avg_rss_mb,p50_lat,p90_lat,p99_lat,duration
1,446.63,933.5,244.805,573.0550000000001,,,,
2,653.24,933.0,280.055,625.145,,,,
4,888.5250000000001,933.0,300.235,720.895,,,,
8,1010.5350000000001,935.0,291.74,914.9200000000001,,,,
