threads,throughput_jps,cold_start_ms,avg_cpu_s,avg_rss_mb,p50_lat_ms,p90_lat_ms,p99_lat_ms,duration_s
1,75.6,908.0,119.185,607.2950000000001,34923.5,100402.0,115838.5,132.276775
2,145.435,927.5,204.88,654.85,6530.5,44192.0,52782.5,68.76021
4,206.6,927.0,258.495,727.495,4079.5,25189.0,32182.5,48.4144385
8,279.32000000000005,904.0,288.505,897.745,2920.5,13955.0,19609.5,35.8028325
