threads,throughput_jps,cold_start_ms,avg_cpu_s,avg_rss_mb,p50_lat,p90_lat,p99_lat,duration
1,434.25,933,329.29,543.51,5.611,11.131,12.297,23.028162
2,689.10,931,374.69,585.51,1.687,2.851,3.135,14.511631
4,808.30,938,392.79,646.33,0.516,0.722,0.792,12.371686
8,843.51,950,359.49,811.98,0.004,0.145,0.284,11.855223
