processes,throughput_jps,cold_start_ms,avg_cpu_s,avg_rss_mb,p50_lat_ms,p90_lat_ms,p99_lat_ms,duration_s
1,425.64,932,246.73,567.41,10993.0,20035.0,22110.0,23.49388
2,628.43,933,273.13,622.85,7376.0,13335.0,14529.0,15.912752
4,884.95,932,297.82,720.90,5020.0,8989.0,9874.0,11.300071
8,925.81,934,285.22,909.53,4609.0,8584.0,9312.0,10.801323
