threads,throughput_jps,cold_start_ms,avg_cpu_s,avg_rss_mb,p50_lat,p90_lat,p99_lat,duration
1,437.37,935,332.37,542.83,5.808,10.619,12.12,22.864057
2,667.16,937,375.50,575.06,2.14,3.371,3.609,14.988973
4,805.54,933,388.14,646.69,0.463,0.656,0.719,12.414106
8,860.09,939,352.59,824.35,0.003,0.107,0.269,11.626629
