processes,throughput_jps,cold_start_ms,avg_cpu_s,avg_rss_mb,p50_lat_ms,p90_lat_ms,p99_lat_ms,duration_s
1,428.08,934,238.32,569.14,11557.0,20072.0,21995.0,23.360071
2,654.74,933,276.25,624.98,7217.0,12659.0,13861.0,15.273251
4,920.68,939,299.96,726.99,4820.0,8613.0,9465.0,10.861593
8,977.23,935,291.98,885.47,4496.0,7958.0,8723.0,10.233009
