threads,throughput_jps,cold_start_ms,avg_cpu_s,avg_rss_mb,p50_lat,p90_lat,p99_lat,duration
1,318.83,889,235.19,546.48,0.806,1.484,2.567,31.36475
2,344.74,837,212.83,599.08,0.014,0.045,0.099,29.007679
4,347.10,897,207.29,647.25,0.015,0.044,0.07,28.810378
8,358.18,913,178.65,795.27,0.012,0.032,0.067,27.918815
