threads,throughput_jps,cold_start_ms,avg_cpu_s,avg_rss_mb,p50_lat,p90_lat,p99_lat,duration
1,347.15,883,232.30,547.36,0.164,0.412,0.452,28.805685
2,336.81,861,218.23,594.00,0.017,0.045,0.091,29.690546
4,350.32,928,198.23,669.16,0.014,0.039,0.089,28.54533
8,356.60,872,181.14,800.76,0.012,0.03,0.065,28.042764
