threads,throughput_jps,cold_start_ms,avg_cpu_s,avg_rss_mb,p50_lat_ms,p90_lat_ms,p99_lat_ms,duration_s
1,78.20,898,114.86,607.45,34256.0,99913.0,112245.0,127.879941
2,158.18,977,208.26,656.76,5788.0,38853.0,47415.0,63.220194
4,222.76,913,266.02,730.50,3923.0,22650.0,28817.0,44.890857
8,292.74,887,292.51,904.98,2581.0,11960.0,17783.0,34.159662
