processes,throughput_jps,cold_start_ms,avg_cpu_s,avg_rss_mb,p50_lat_ms,p90_lat_ms,p99_lat_ms,duration_s
1,538.44,935,260.54,573.13,8734.0,15660.0,17240.0,18.572213
2,695.52,934,281.42,629.73,6491.0,11771.0,12972.0,14.377637
4,892.10,931,299.98,723.45,4896.0,8904.0,9784.0,11.209471
8,1025.18,935,295.28,915.75,4147.0,7541.0,8275.0,9.754339
