threads,throughput_jps,cold_start_ms,avg_cpu_s,avg_rss_mb,p50_lat,p90_lat,p99_lat,duration
1,430.18,943,334.42,542.51,6.129,10.891,12.134,23.246189
2,575.01,979,378.43,576.78,3.162,5.491,6.048,17.390993
4,792.63,968,394.33,648.77,0.669,0.978,1.045,12.616263
8,838.07,956,349.36,827.33,0.003,0.111,0.262,11.932112
