threads,throughput_jps,cold_start_ms,avg_cpu_s,avg_rss_mb,p50_lat,p90_lat,p99_lat,duration
1,125.54,873,214.50,599.51,6.755,43.864,53.837,79.657577
2,292.85,905,354.85,633.09,0.625,1.599,6.75,34.14736
4,374.05,903,375.01,718.10,0.009,0.015,0.125,26.7341
8,368.67,975,379.18,828.30,0.012,0.02,0.118,27.124544
