threads,throughput_jps,cold_start_ms,avg_cpu_s,avg_rss_mb,p50_lat_ms,p90_lat_ms,p99_lat_ms,duration_s
1,84.93,879,136.90,607.59,31943.0,87784.0,101968.0,117.737948
2,135.65,900,203.23,649.64,6740.0,47994.0,57574.0,73.719746
4,199.75,956,252.97,726.47,3950.0,26775.0,33773.0,50.063133
8,295.11,934,295.84,883.36,2942.0,11848.0,17766.0,33.885294
