threads,throughput_jps,cold_start_ms,avg_cpu_s,avg_rss_mb,p50_lat,p90_lat,p99_lat,duration
1,314.61,1001,291.79,547.85,7.494,19.284,20.555,31.785753
2,601.59,955,376.86,585.10,2.348,4.545,5.112,16.622691
4,817.68,1016,391.50,653.62,0.513,0.538,0.584,12.229766
8,853.49,949,355.66,827.63,0.004,0.163,0.3,11.71661
