threads,throughput_jps,cold_start_ms,avg_cpu_s,avg_rss_mb,p50_lat,p90_lat,p99_lat,duration
1,420.64,863,304.13,549.35,0.112,4.359,5.842,23.773216
2,448.37,850,270.54,575.69,0.003,0.033,0.069,22.302816
4,439.11,824,237.02,632.56,0.003,0.014,0.049,22.773272
8,448.02,837,222.47,661.54,0.003,0.008,0.044,22.320466
16,457.03,821,204.13,862.22,0.003,0.004,0.051,21.880267
