threads,throughput_jps,cold_start_ms,avg_cpu_s,avg_rss_mb,p50_lat,p90_lat,p99_lat,duration
1,347.62,804,236.34,547.18,0.079,0.11,0.14,28.767224
2,343.76,978,214.76,588.68,0.018,0.052,0.136,29.090343
4,349.36,887,190.21,673.65,0.015,0.041,0.07,28.623941
8,350.15,881,182.77,801.00,0.013,0.033,0.066,28.559373
