processes,throughput_jps,cold_start_ms,avg_cpu_s,avg_rss_mb,p50_lat_ms,p90_lat_ms,p99_lat_ms,duration_s
1,451.68,931,226.41,573.20,10908.0,19275.0,20770.0,22.139464
2,605.31,934,274.42,625.43,7271.0,13469.0,15113.0,16.520416
4,901.86,934,267.41,729.99,5023.0,8803.0,9657.0,11.088228
8,1004.27,936,264.38,899.35,4313.0,7752.0,8492.0,9.957499
