threads,throughput_jps,cold_start_ms,avg_cpu_s,avg_rss_mb,p50_lat,p90_lat,p99_lat,duration
1,317.97,921,236.67,547.65,0.767,1.598,2.062,31.449687
2,344.52,897,206.61,597.59,0.015,0.046,0.103,29.025605
4,356.84,864,192.15,669.45,0.015,0.041,0.067,28.023448
8,352.07,853,182.88,801.38,0.012,0.033,0.069,28.403268
