threads,throughput_jps,cold_start_ms,avg_cpu_s,avg_rss_mb,p50_lat,p90_lat,p99_lat,duration
1,440.47,833,296.86,548.40,0.104,1.642,2.954,22.702938
2,438.25,812,288.99,576.36,0.004,0.037,0.076,22.818254
4,452.13,844,242.67,623.52,0.003,0.017,0.053,22.11759
8,435.43,854,219.83,682.78,0.003,0.006,0.049,22.965926
