threads,throughput_jps,cold_start_ms,avg_cpu_s,avg_rss_mb,p50_lat,p90_lat,p99_lat,duration
1,139.17,965,231.85,599.85,4.977,35.671,45.745,71.856627
2,275.84,936,358.06,634.14,1.372,2.5,9.033,36.252606
4,363.45,999,387.59,692.28,0.012,0.026,0.156,27.514288
8,368.43,919,388.09,830.90,0.013,0.023,0.125,27.142178
16,361.95,945,399.07,1008.83,0.029,0.049,0.141,27.628233
