threads,throughput_jps,cold_start_ms,avg_cpu_s,avg_rss_mb,p50_lat_ms,p90_lat_ms,p99_lat_ms,duration_s
1,74.75,883,119.87,608.70,35821.0,104487.0,117656.0,133.777179
2,146.16,930,207.92,657.74,5816.0,43543.0,52416.0,68.418381
4,220.86,959,262.73,736.86,3691.0,22432.0,29280.0,45.276715
8,294.60,889,290.64,920.48,2533.0,11749.0,17725.0,33.944187
