processes,throughput_jps,cold_start_ms,avg_cpu_s,avg_rss_mb,p50_lat_ms,p90_lat_ms,p99_lat_ms,duration_s
1,529.67,936,253.94,573.60,8713.0,15897.0,17496.0,18.879574
2,706.26,931,281.05,627.37,6518.0,11601.0,12760.0,14.159067
4,904.34,931,300.03,725.32,4771.0,8736.0,9610.0,11.05778
8,1013.80,929,294.22,914.87,4203.0,7596.0,8367.0,9.863863
