threads,throughput_jps,cold_start_ms,avg_cpu_s,avg_rss_mb,p50_lat,p90_lat,p99_lat,duration
1,418.21,831,299.68,550.02,0.109,3.425,5.014,23.911463
2,440.51,811,278.21,589.47,0.003,0.035,0.077,22.700978
4,447.07,814,227.71,627.44,0.003,0.011,0.046,22.368078
8,436.27,818,220.40,662.92,0.003,0.007,0.046,22.921694
16,448.24,928,202.90,848.12,0.003,0.004,0.048,22.309513
