threads,throughput_jps,cold_start_ms,avg_cpu_s,avg_rss_mb,p50_lat_ms,p90_lat_ms,p99_lat_ms,duration_s
1,91.46,877,121.78,607.60,27997.0,85292.0,94034.0,109.339592
2,149.16,880,204.66,648.92,6924.0,42870.0,51228.0,67.043373
4,203.50,912,257.95,717.79,4168.0,26176.0,33003.0,49.140706
8,264.93,892,281.57,883.45,3055.0,15379.0,21498.0,37.745612
