processes,throughput_jps,cold_start_ms,avg_cpu_s,avg_rss_mb,p50_lat_ms,p90_lat_ms,p99_lat_ms,duration_s
1,494.56,948,242.88,572.98,9506.0,17200.0,18830.0,20.220135
2,656.19,958,279.12,624.59,7018.0,12573.0,13816.0,15.239496
4,901.24,949,299.80,724.24,4857.0,8748.0,9599.0,11.095839
8,1011.07,953,292.93,914.97,4328.0,7668.0,8413.0,9.890498
