threads,throughput_jps,cold_start_ms,avg_cpu_s,avg_rss_mb,p50_lat,p90_lat,p99_lat,duration
1,437.05,825,296.54,547.66,0.107,1.773,3.213,22.880904
2,437.17,845,255.52,587.84,0.004,0.032,0.065,22.874172
4,451.78,832,236.21,636.32,0.003,0.017,0.054,22.134431
8,439.77,826,226.20,665.53,0.003,0.01,0.051,22.739119
