threads,throughput_jps,cold_start_ms,avg_cpu_s,avg_rss_mb,p50_lat,p90_lat,p99_lat,duration
1,136.57,872,230.41,598.54,5.478,35.043,47.061,73.220226
2,283.87,905,355.32,631.12,0.906,2.046,8.215,35.22742
4,360.04,899,380.48,714.41,0.011,0.023,0.154,27.774367
8,358.57,886,392.00,816.82,0.015,0.024,0.123,27.888759
