threads,throughput_jps,cold_start_ms,avg_cpu_s,avg_rss_mb,p50_lat,p90_lat,p99_lat,duration
1,435.34,827,298.66,548.36,0.107,1.718,2.164,22.970633
2,442.47,944,258.31,582.49,0.003,0.03,0.071,22.600565
4,435.98,827,227.30,637.29,0.003,0.01,0.053,22.936925
8,439.62,831,231.93,661.00,0.003,0.012,0.05,22.746888
16,434.61,839,207.32,849.36,0.003,0.004,0.046,23.009354
