threads,throughput_jps,cold_start_ms,avg_cpu_s,avg_rss_mb,p50_lat_ms,p90_lat_ms,p99_lat_ms,duration_s
1,87.52,954,133.07,607.03,31580.0,87396.0,98539.0,114.259726
2,124.31,900,187.74,652.17,6686.0,55349.0,64422.0,80.44709
4,185.77,982,249.45,727.83,4784.0,30185.0,37400.0,53.830533
8,277.35,1004,287.44,909.84,3109.0,14167.0,19847.0,36.05534
