threads,throughput_jps,cold_start_ms,avg_cpu_s,avg_rss_mb,p50_lat,p90_lat,p99_lat,duration
1,355.28,948,317.56,545.73,6.097,15.102,17.323,28.146535
2,715.53,948,372.80,595.01,1.655,2.186,2.353,13.975583
4,830.25,949,391.43,653.25,0.406,0.43,0.445,12.044601
8,846.05,950,351.54,815.70,0.004,0.077,0.153,11.819608
