threads,throughput_jps,cold_start_ms,avg_cpu_s,avg_rss_mb,p50_lat,p90_lat,p99_lat,duration
1,313.77,881,236.56,546.95,0.831,1.692,2.487,31.870835
2,348.65,862,212.88,590.46,0.016,0.048,0.09,28.681938
4,354.46,866,183.52,678.68,0.014,0.039,0.067,28.21225
8,360.23,977,170.98,790.13,0.011,0.03,0.088,27.759763
