threads,throughput_jps,cold_start_ms,avg_cpu_s,avg_rss_mb,p50_lat,p90_lat,p99_lat,duration
1,348.86,958,304.27,551.41,0.123,9.861,11.558,28.664931
2,434.10,973,299.71,570.48,0.009,0.049,0.091,23.03625
4,424.52,855,239.32,633.01,0.003,0.017,0.064,23.555828
8,443.60,876,226.94,696.85,0.003,0.009,0.05,22.54276
16,437.79,864,208.30,840.48,0.003,0.005,0.048,22.841943
