threads,throughput_jps,cold_start_ms,avg_cpu_s,avg_rss_mb,p50_lat_ms,p90_lat_ms,p99_lat_ms,duration_s
1,58.55,875,108.70,606.27,36199.0,102220.0,144343.0,170.790845
2,8.32,1018,10.28,662.49,585387.0,1061823.0,1174987.0,1201.460094
4,8.57,1108,11.99,714.27,537769.0,1020915.0,1136718.0,1167.313121
8,8.57,1065,14.00,814.01,507156.0,1022396.0,1132927.0,1166.905679
