processes,throughput_jps,cold_start_ms,avg_cpu_s,avg_rss_mb,p50_lat_ms,p90_lat_ms,p99_lat_ms,duration_s
1,458.59,934,247.82,571.13,9678.0,18447.0,20267.0,21.806112
2,590.85,933,280.99,625.20,7018.0,13640.0,15401.0,16.924818
4,881.43,930,301.07,717.70,5150.0,9026.0,9898.0,11.345142
8,992.66,929,294.68,889.78,4305.0,7835.0,8628.0,10.073975
