threads,throughput_jps,cold_start_ms,avg_cpu_s,avg_rss_mb,p50_lat,p90_lat,p99_lat,duration
1,425.48,843,302.48,549.24,0.112,3.228,5.075,23.503053
2,455.13,841,273.17,590.16,0.003,0.033,0.067,21.971771
4,441.35,847,236.44,641.45,0.003,0.017,0.063,22.657507
8,451.56,849,231.57,687.10,0.003,0.007,0.044,22.145294
