threads,throughput_jps,cold_start_ms,avg_cpu_s,avg_rss_mb,p50_lat,p90_lat,p99_lat,duration
1,342.41,871,237.87,547.09,0.226,0.257,0.278,29.204543
2,349.04,891,205.52,598.86,0.013,0.043,0.104,28.650361
4,341.87,847,203.37,664.88,0.014,0.041,0.067,29.250458
8,359.42,920,172.36,807.33,0.012,0.032,0.077,27.822832
