threads,throughput_jps,cold_start_ms,avg_cpu_s,avg_rss_mb,p50_lat,p90_lat,p99_lat,duration
1,312.66,944,239.38,546.63,0.729,1.29,2.252,31.98353
2,332.81,1054,207.54,598.33,0.016,0.047,0.075,30.046894
4,343.06,915,196.07,680.37,0.013,0.045,0.071,29.149535
8,359.95,865,175.32,799.52,0.012,0.031,0.073,27.781781
