threads,throughput_jps,cold_start_ms,avg_cpu_s,avg_rss_mb,p50_lat,p90_lat,p99_lat,duration
1,329.43,879,239.05,547.26,0.389,1.094,1.345,30.355706
2,342.32,1018,220.32,589.55,0.02,0.05,0.105,29.212101
4,350.16,937,199.22,665.89,0.015,0.04,0.096,28.558359
8,356.37,888,175.02,804.58,0.012,0.033,0.084,28.060399
