threads,throughput_jps,cold_start_ms,avg_cpu_s,avg_rss_mb,p50_lat,p90_lat,p99_lat,duration
1,453.41,938,335.68,541.33,5.586,10.204,11.277,22.055139
2,633.72,939,373.91,573.07,2.158,3.955,4.405,15.779783
4,832.58,933,392.50,649.01,0.414,0.503,0.526,12.010833
8,856.34,936,350.93,834.24,0.003,0.121,0.282,11.677622
