threads,throughput_jps,cold_start_ms,avg_cpu_s,avg_rss_mb,p50_lat_ms,p90_lat_ms,p99_lat_ms,duration_s
1,75.37,943,126.43,607.14,29888.0,100891.0,116368.0,132.675612
2,161.53,878,221.00,655.58,6118.0,38569.0,45985.0,61.909004
4,233.51,883,272.68,746.91,3776.0,20905.0,26857.0,42.82544
8,281.29,881,289.31,891.36,2892.0,13833.0,19372.0,35.550325
