threads,throughput_jps,cold_start_ms,avg_cpu_s,avg_rss_mb,p50_lat,p90_lat,p99_lat,duration
1,406.70,903,301.11,547.99,0.115,2.796,3.955,24.588429
2,448.66,945,288.69,574.25,0.004,0.042,0.081,22.288632
4,440.35,981,227.96,624.78,0.003,0.012,0.047,22.709188
8,449.79,828,222.97,673.84,0.003,0.007,0.047,22.232805
16,425.67,846,213.46,804.11,0.003,0.005,0.048,23.49257
