threads,throughput_jps,cold_start_ms,avg_cpu_s,avg_rss_mb,p50_lat_ms,p90_lat_ms,p99_lat_ms,duration_s
1,79.46,895,131.47,607.69,33362.0,96244.0,110043.0,125.85599
2,153.57,874,214.75,661.47,5556.0,39903.0,49068.0,65.11727
4,203.45,1021,256.40,727.16,4119.0,25952.0,32942.0,49.152336
8,287.86,927,290.99,902.30,2709.0,12376.0,18387.0,34.739703
