threads,throughput_jps,cold_start_ms,avg_cpu_s,avg_rss_mb,p50_lat,p90_lat,p99_lat,duration
1,342.12,986,305.41,546.31,6.477,16.221,17.981,29.229841
2,657.76,986,373.90,586.57,2.066,3.127,3.5,15.203145
4,829.26,961,392.36,659.35,0.208,0.273,0.31,12.058924
8,835.24,954,365.76,808.08,0.004,0.184,0.295,11.972623
