threads,throughput_jps,cold_start_ms,avg_cpu_s,avg_rss_mb,p50_lat_ms,p90_lat_ms,p99_lat_ms,duration_s
1,62.23,999,104.59,608.14,45077.0,126587.0,144809.0,160.68342
2,128.28,929,190.26,652.38,6478.0,51714.0,62087.0,77.952791
4,215.57,938,260.75,736.82,3884.0,23885.0,30352.0,46.387949
8,282.49,892,293.16,922.53,2682.0,13296.0,19077.0,35.399036
