threads,throughput_jps,cold_start_ms,avg_cpu_s,avg_rss_mb,p50_lat_ms,p90_lat_ms,p99_lat_ms,duration_s
1,72.04,939,126.25,606.99,36593.0,107094.0,122197.0,138.807086
2,140.53,886,213.60,654.12,6504.0,46208.0,55218.0,71.157707
4,218.52,948,266.84,746.17,3976.0,23450.0,29722.0,45.762292
8,261.38,924,285.04,877.15,3243.0,15786.0,21982.0,38.258746
