processes,throughput_jps,cold_start_ms,avg_cpu_s,avg_rss_mb,p50_lat_ms,p90_lat_ms,p99_lat_ms,duration_s
1,533.17,934,251.76,573.95,9027.0,15853.0,17371.0,18.755633
2,679.97,935,283.40,625.56,6776.0,12180.0,13360.0,14.706548
4,854.24,933,272.13,709.07,5232.0,9396.0,10308.0,11.706296
8,974.98,934,286.50,896.69,4668.0,8080.0,8836.0,10.256596
