threads,throughput_jps,cold_start_ms,avg_cpu_s,avg_rss_mb,p50_lat_ms,p90_lat_ms,p99_lat_ms,duration_s
1,54.03,883,97.73,606.69,48805.0,146449.0,168483.0,185.077019
2,140.04,921,204.00,652.95,6744.0,46522.0,55385.0,71.406355
4,193.48,909,252.16,714.35,4234.0,27914.0,35261.0,51.685849
8,293.57,1079,280.72,898.19,2710.0,11674.0,17378.0,34.063231
