threads,throughput_jps,cold_start_ms,avg_cpu_s,avg_rss_mb,p50_lat,p90_lat,p99_lat,duration
1,319.57,936,293.19,549.93,5.751,18.326,20.243,31.292181
2,660.72,938,373.45,581.47,2.029,3.331,3.689,15.135035
4,824.57,937,391.79,651.25,0.329,0.42,0.453,12.127544
8,862.07,939,355.23,830.45,0.003,0.2,0.307,11.599951
