processes,throughput_jps,cold_start_ms,avg_cpu_s,avg_rss_mb,p50_lat_ms,p90_lat_ms,p99_lat_ms,duration_s
1,441.58,954,216.99,576.41,11279.0,19604.0,21264.0,22.64575
2,635.13,933,273.02,625.82,7580.0,13086.0,14335.0,15.744856
4,861.83,928,302.11,715.04,5103.0,9237.0,10140.0,11.603206
8,1039.17,934,291.38,931.53,4183.0,7479.0,8219.0,9.623041
