threads,throughput_jps,cold_start_ms,avg_cpu_s,avg_rss_mb,p50_lat,p90_lat,p99_lat,duration
1,134.20,880,230.04,599.86,5.603,36.213,48.357,74.516887
2,265.61,900,352.21,631.62,1.268,3.224,10.576,37.648669
4,361.20,899,385.20,705.75,0.011,0.021,0.157,27.685657
8,366.24,939,392.81,840.77,0.014,0.023,0.139,27.304217
