threads,throughput_jps,cold_start_ms,avg_cpu_s,avg_rss_mb,p50_lat,p90_lat,p99_lat,duration
1,404.79,961,324.20,543.91,6.476,12.499,13.801,24.70392
2,573.86,978,374.36,582.31,3.07,5.117,5.663,17.425823
4,789.17,981,392.36,657.83,0.482,0.872,0.979,12.671609
8,848.85,973,357.24,818.99,0.004,0.142,0.279,11.780696
