processes,throughput_jps,cold_start_ms,avg_cpu_s,avg_rss_mb,p50_lat_ms,p90_lat_ms,p99_lat_ms,duration_s
1,430.12,941,267.41,564.92,10645.0,19843.0,21781.0,23.249178
2,663.02,945,285.02,622.34,6867.0,12508.0,13697.0,15.0824
4,893.91,981,302.45,722.09,4907.0,8809.0,9701.0,11.186788
8,981.32,951,294.84,887.90,4388.0,7901.0,8695.0,10.190406
