processes,throughput_jps,cold_start_ms,avg_cpu_s,avg_rss_mb,p50_lat_ms,p90_lat_ms,p99_lat_ms,duration_s
1,432.36,932,218.28,576.30,10569.0,19888.0,21766.0,23.129091
2,636.78,938,283.12,619.98,6831.0,12954.0,14239.0,15.703966
4,929.28,934,300.29,734.19,4667.0,8476.0,9309.0,10.761048
8,1015.49,936,290.67,925.16,4248.0,7591.0,8397.0,9.84748
