threads,throughput_jps,cold_start_ms,avg_cpu_s,avg_rss_mb,p50_lat,p90_lat,p99_lat,duration
1,422.25,887,299.57,548.46,0.111,3.021,4.669,23.682461
2,435.46,821,283.15,578.95,0.004,0.037,0.076,22.964184
4,450.79,829,235.03,627.78,0.003,0.015,0.049,22.183462
8,437.46,832,223.84,643.64,0.003,0.011,0.046,22.859192
16,448.24,859,206.78,828.99,0.003,0.005,0.043,22.309542
