processes,throughput_jps,cold_start_ms,avg_cpu_s,avg_rss_mb,p50_lat_ms,p90_lat_ms,p99_lat_ms,duration_s
1,531.77,930,254.87,575.12,8738.0,15790.0,17424.0,18.805126
2,651.74,928,284.53,625.58,6794.0,12476.0,13921.0,15.343556
4,897.82,931,300.43,720.89,4838.0,8809.0,9685.0,11.138102
8,1037.86,936,295.97,934.87,4015.0,7399.0,8132.0,9.635252
