threads,throughput_jps,cold_start_ms,avg_cpu_s,avg_rss_mb,p50_lat_ms,p90_lat_ms,p99_lat_ms,duration_s
1,81.00,988,130.34,607.95,27809.0,92043.0,107428.0,123.451781
2,146.10,926,207.85,659.44,5778.0,42906.0,52363.0,68.446164
4,215.44,893,263.09,726.07,3920.0,23548.0,30306.0,46.415793
8,269.94,892,288.09,873.36,3006.0,14980.0,20729.0,37.045747
