threads,throughput_jps,cold_start_ms,avg_cpu_s,avg_rss_mb,p50_lat,p90_lat,p99_lat,duration
1,132.80,886,230.33,600.70,6.604,40.695,49.541,75.30236
2,309.84,875,361.34,633.31,0.465,1.378,5.146,32.274814
4,363.87,927,387.16,685.70,0.012,0.032,0.146,27.482494
8,360.80,892,391.56,843.64,0.014,0.023,0.122,27.716131
