threads,throughput_jps,cold_start_ms,avg_cpu_s,avg_rss_mb,p50_lat,p90_lat,p99_lat,duration
1,420.55,822,296.20,549.89,0.111,3.209,4.894,23.77865
2,432.92,877,304.63,576.67,0.008,0.043,0.082,23.099028
4,449.69,820,228.22,624.30,0.003,0.014,0.046,22.2374
8,431.96,835,231.31,642.01,0.003,0.01,0.046,23.150065
