threads,throughput_jps,cold_start_ms,avg_cpu_s,avg_rss_mb,p50_lat,p90_lat,p99_lat,duration
1,331.92,863,235.82,547.49,0.387,0.955,1.302,30.127658
2,348.07,860,212.73,595.66,0.016,0.048,0.073,28.730135
4,355.49,962,186.02,695.65,0.013,0.037,0.067,28.1302
8,357.85,951,178.95,799.64,0.012,0.032,0.067,27.944764
