threads,throughput_jps,cold_start_ms,avg_cpu_s,avg_rss_mb,p50_lat,p90_lat,p99_lat,duration
1,136.89,877,231.78,599.66,5.693,36.215,46.974,73.04969
2,300.47,879,358.03,631.05,0.688,1.453,6.137,33.281488
4,362.48,892,385.42,707.07,0.012,0.022,0.141,27.587574
8,369.33,922,385.40,836.59,0.012,0.021,0.134,27.075892
