threads,throughput_jps,cold_start_ms,avg_cpu_s,avg_rss_mb,p50_lat,p90_lat,p99_lat,duration
1,417.47,833,296.32,550.41,0.109,3.01,4.838,23.953668
2,430.01,824,256.81,592.00,0.003,0.032,0.072,23.255111
4,455.28,882,230.32,618.51,0.003,0.013,0.045,21.964449
8,423.43,826,215.83,669.11,0.003,0.009,0.043,23.616881
16,445.60,817,210.95,828.44,0.003,0.004,0.047,22.441625
