threads,throughput_jps,cold_start_ms,avg_cpu_s,avg_rss_mb,p50_lat,p90_lat,p99_lat,duration
1,106.28,967,216.15,601.17,8.645,53.272,67.582,94.090442
2,374.23,894,372.80,630.37,0.236,0.492,0.567,26.721473
4,372.92,922,383.33,703.58,0.01,0.023,0.14,26.815079
8,368.96,905,388.19,856.86,0.013,0.021,0.136,27.103018
