threads,throughput_jps,cold_start_ms,avg_cpu_s,avg_rss_mb,p50_lat,p90_lat,p99_lat,duration
1,408.97,965,298.04,548.22,0.115,4.28,6.229,24.451443
2,437.41,861,306.10,572.10,0.012,0.054,0.094,22.861624
4,436.74,943,238.07,626.95,0.003,0.02,0.064,22.897036
8,424.09,899,241.18,644.17,0.003,0.014,0.055,23.580154
16,442.89,895,214.29,879.23,0.003,0.004,0.058,22.578779
