threads,throughput_jps,cold_start_ms,avg_cpu_s,avg_rss_mb,p50_lat_ms,p90_lat_ms,p99_lat_ms,duration_s
1,80.47,900,128.39,605.72,35591.0,96603.0,108654.0,124.268746
2,151.49,946,205.10,649.35,6557.0,42423.0,50277.0,66.013032
4,220.49,939,266.34,745.10,3684.0,22498.0,29211.0,45.353375
8,286.93,881,292.29,910.27,2645.0,12677.0,18611.0,34.851523
