threads,throughput_jps,cold_start_ms,avg_cpu_s,avg_rss_mb,p50_lat,p90_lat,p99_lat,duration
1,419.36,828,300.74,548.72,0.112,2.911,4.529,23.845883
2,438.35,813,277.31,577.47,0.003,0.036,0.075,22.812755
4,451.39,840,230.89,627.10,0.003,0.012,0.059,22.153587
8,434.42,851,219.26,699.71,0.003,0.006,0.05,23.01924
