threads,throughput_jps,cold_start_ms,avg_cpu_s,avg_rss_mb,p50_lat,p90_lat,p99_lat,duration
1,432.08,859,295.89,549.38,0.106,1.372,2.648,23.144118
2,439.55,823,288.08,574.63,0.004,0.041,0.076,22.750369
4,436.84,821,224.31,627.34,0.003,0.016,0.049,22.891599
8,451.32,832,223.83,675.05,0.003,0.007,0.048,22.157398
16,433.65,823,188.40,870.08,0.003,0.004,0.037,23.059969
