threads,throughput_jps,cold_start_ms,avg_cpu_s,avg_rss_mb,p50_lat,p90_lat,p99_lat,duration
1,332.03,871,238.43,547.67,0.163,0.785,1.022,30.117682
2,335.54,999,211.51,598.54,0.018,0.052,0.14,29.802918
4,351.56,981,186.47,682.08,0.013,0.039,0.099,28.444511
8,353.73,978,182.68,764.20,0.012,0.034,0.079,28.269778
