processes,throughput_jps,cold_start_ms,avg_cpu_s,avg_rss_mb,p50_lat_ms,p90_lat_ms,p99_lat_ms,duration_s
1,428.75,933,242.27,569.14,11583.0,20318.0,21915.0,23.323831
2,631.76,937,276.49,624.06,7221.0,13200.0,14437.0,15.828791
4,876.31,933,299.98,716.85,4991.0,9064.0,9942.0,11.411498
8,1030.24,938,292.03,922.15,4214.0,7525.0,8275.0,9.706506
