threads,throughput_jps,cold_start_ms,avg_cpu_s,avg_rss_mb,p50_lat,p90_lat,p99_lat,duration
1,444.82,1018,333.65,543.91,5.716,10.279,11.519,22.481108
2,542.92,968,378.56,580.14,3.726,6.244,6.821,18.418983
4,845.83,949,392.00,666.69,0.191,0.285,0.302,11.822694
8,845.47,948,357.32,828.49,0.004,0.078,0.221,11.82773
