processes,throughput_jps,cold_start_ms,avg_cpu_s,avg_rss_mb,p50_lat_ms,p90_lat_ms,p99_lat_ms,duration_s
1,434.35,929,238.87,571.57,11100.0,19589.0,21647.0,23.023109
2,551.95,933,264.52,625.09,8222.0,14406.0,16576.0,18.11746
4,851.08,934,303.78,712.43,5275.0,9398.0,10335.0,11.749741
8,1019.51,936,256.90,924.74,4400.0,7659.0,8395.0,9.808678
