threads,throughput_jps,cold_start_ms,avg_cpu_s,avg_rss_mb,p50_lat,p90_lat,p99_lat,duration
1,403.83,943,325.13,545.09,6.178,12.228,13.675,24.762982
2,664.64,949,375.74,583.46,2.051,3.416,3.705,15.04585
4,837.12,946,387.50,669.54,0.044,0.235,0.289,11.945704
8,836.47,949,365.98,807.17,0.005,0.179,0.279,11.95493
