threads,throughput_jps,cold_start_ms,avg_cpu_s,avg_rss_mb,p50_lat,p90_lat,p99_lat,duration
1,421.84,947,324.49,547.21,5.289,11.438,12.784,23.705579
2,621.16,951,375.89,583.62,2.052,3.902,4.78,16.098901
4,834.56,937,390.43,661.31,0.097,0.229,0.315,11.98234
8,853.37,934,361.19,822.35,0.004,0.152,0.299,11.718206
