threads,throughput_jps,cold_start_ms,avg_cpu_s,avg_rss_mb,p50_lat,p90_lat,p99_lat,duration
1,325.61,1063,236.06,546.74,0.406,1.103,1.62,30.711506
2,345.36,973,210.55,594.72,0.015,0.045,0.136,28.955058
4,352.17,997,188.42,670.05,0.014,0.04,0.066,28.395112
8,356.37,864,182.72,790.10,0.012,0.034,0.074,28.060411
