threads,throughput_jps,cold_start_ms,avg_cpu_s,avg_rss_mb,p50_lat,p90_lat,p99_lat,duration
1,97.45,884,200.45,602.24,6.956,58.844,75.936,102.611939
2,294.23,937,354.77,633.80,0.502,1.416,6.427,33.986998
4,371.05,944,384.47,681.00,0.012,0.026,0.132,26.950663
8,370.27,894,383.22,854.66,0.012,0.02,0.112,27.007129
