threads,throughput_jps,cold_start_ms,avg_cpu_s,avg_rss_mb,p50_lat_ms,p90_lat_ms,p99_lat_ms,duration_s
1,75.83,919,112.66,606.93,33427.0,99119.0,115309.0,131.877938
2,109.75,996,181.72,648.30,7566.0,63823.0,75039.0,91.116708
4,15.25,882,34.40,750.85,247108.0,556638.0,631652.0,655.690095
8,12.30,1041,20.95,832.96,309487.0,685889.0,784784.0,813.086789
