threads,throughput_jps,cold_start_ms,avg_cpu_s,avg_rss_mb,p50_lat,p90_lat,p99_lat,duration
1,323.64,866,237.52,547.67,0.424,1.144,1.852,30.898905
2,344.34,863,212.03,594.33,0.015,0.047,0.102,29.041358
4,352.33,827,188.61,685.34,0.015,0.04,0.067,28.382798
8,358.15,877,174.24,803.92,0.012,0.031,0.077,27.92163
