threads,throughput_jps,cold_start_ms,avg_cpu_s,avg_rss_mb,p50_lat,p90_lat,p99_lat,duration
1,113.83,876,213.40,601.40,6.16,47.884,61.442,87.847643
2,368.63,877,374.19,624.69,0.491,0.975,1.101,27.127665
4,375.60,881,384.42,695.08,0.01,0.019,0.144,26.623772
8,370.33,924,383.93,835.01,0.012,0.021,0.081,27.002749
