threads,throughput_jps,cold_start_ms,avg_cpu_s,avg_rss_mb,p50_lat,p90_lat,p99_lat,duration
1,342.58,965,226.03,547.33,0.044,0.098,0.167,29.190197
2,352.20,860,199.76,593.57,0.014,0.048,0.112,28.39259
4,352.54,885,189.25,660.31,0.015,0.042,0.089,28.365522
8,352.72,909,170.86,800.75,0.012,0.033,0.085,28.351001
