threads,throughput_jps,cold_start_ms,avg_cpu_s,avg_rss_mb,p50_lat_ms,p90_lat_ms,p99_lat_ms,duration_s
1,88.01,875,120.01,608.21,31887.0,87071.0,98160.0,113.623872
2,145.23,876,205.15,652.47,6591.0,43700.0,52802.0,68.855735
4,235.86,882,270.96,749.65,3559.0,20160.0,26331.0,42.39767
8,263.23,913,281.90,881.23,3164.0,16039.0,21852.0,37.989555
