threads,throughput_jps,cold_start_ms,avg_cpu_s,avg_rss_mb,p50_lat,p90_lat,p99_lat,duration
1,105.68,894,214.11,600.78,7.502,52.674,68.472,94.626813
2,261.38,891,351.67,630.91,1.229,2.605,11.101,38.259019
4,360.43,985,383.31,697.58,0.012,0.027,0.128,27.744552
8,370.90,909,383.86,810.65,0.012,0.021,0.116,26.961148
