threads,throughput_jps,cold_start_ms,avg_cpu_s,avg_rss_mb,p50_lat,p90_lat,p99_lat,duration
1,107.62,874,205.19,601.93,5.671,48.503,66.091,92.920523
2,316.23,923,356.52,633.30,0.717,1.678,4.497,31.622108
4,373.34,881,384.01,728.44,0.01,0.018,0.153,26.784909
8,369.42,887,385.98,822.77,0.012,0.022,0.117,27.069515
