threads,throughput_jps,cold_start_ms,avg_cpu_s,avg_rss_mb,p50_lat,p90_lat,p99_lat,duration
1,420.64,855,301.24,549.43,0.113,3.626,4.712,23.77351
2,446.56,853,298.89,576.46,0.004,0.042,0.081,22.393206
4,446.95,846,236.78,634.07,0.003,0.012,0.049,22.373719
8,448.02,818,228.64,642.96,0.003,0.011,0.047,22.32064
