processes,throughput_jps,cold_start_ms,avg_cpu_s,avg_rss_mb,p50_lat_ms,p90_lat_ms,p99_lat_ms,duration_s
1,486.42,931,236.93,576.95,9692.0,17402.0,19239.0,20.558414
2,617.84,934,273.47,624.04,7580.0,13556.0,14785.0,16.185335
4,844.58,932,303.45,709.54,5371.0,9508.0,10416.0,11.840177
8,1012.29,933,293.91,914.70,4103.0,7580.0,8421.0,9.878596
