threads,throughput_jps,cold_start_ms,avg_cpu_s,avg_rss_mb,p50_lat,p90_lat,p99_lat,duration
1,431.93,846,297.27,549.04,0.11,1.913,3.191,23.152095
2,432.86,878,262.49,585.21,0.003,0.031,0.066,23.102038
4,435.41,826,243.80,636.94,0.003,0.019,0.064,22.966878
8,427.52,879,236.81,670.71,0.003,0.011,0.052,23.390625
16,444.76,915,205.39,848.08,0.003,0.005,0.049,22.484238
