threads,throughput_jps,cold_start_ms,avg_cpu_s,avg_rss_mb,p50_lat,p90_lat,p99_lat,duration
1,336.96,922,235.27,547.19,0.617,0.721,0.855,29.677424
2,342.57,907,222.78,591.06,0.018,0.048,0.127,29.190909
4,354.15,943,190.21,661.42,0.015,0.041,0.069,28.236672
8,356.88,941,172.55,839.86,0.012,0.033,0.069,28.020824
