processes,throughput_jps,cold_start_ms,avg_cpu_s,avg_rss_mb,p50_lat_ms,p90_lat_ms,p99_lat_ms,duration_s
1,486.81,937,261.74,569.21,10262.0,17347.0,19177.0,20.54205
2,632.75,928,282.51,618.78,6893.0,12841.0,14355.0,15.803949
4,870.78,939,301.09,715.68,5194.0,9239.0,10099.0,11.484016
8,1025.66,936,291.93,933.75,4235.0,7519.0,8279.0,9.749859
