threads,throughput_jps,cold_start_ms,avg_cpu_s,avg_rss_mb,p50_lat,p90_lat,p99_lat,duration
1,330.76,853,234.57,546.21,0.096,0.489,0.667,30.232961
2,341.72,887,214.73,590.97,0.017,0.047,0.074,29.263848
4,353.94,818,188.20,676.10,0.015,0.041,0.065,28.253102
8,359.37,867,178.09,790.99,0.011,0.032,0.069,27.826835
