threads,throughput_jps,cold_start_ms,avg_cpu_s,avg_rss_mb,p50_lat,p90_lat,p99_lat,duration
1,344.06,863,232.01,546.68,0.059,0.128,0.172,29.064283
2,349.67,864,208.30,593.20,0.015,0.044,0.084,28.598631
4,355.78,889,185.47,662.73,0.014,0.038,0.065,28.107148
8,362.18,900,168.35,798.16,0.012,0.033,0.07,27.610682
