threads,throughput_jps,cold_start_ms,avg_cpu_s,avg_rss_mb,p50_lat,p90_lat,p99_lat,duration
1,115.46,940,212.86,601.20,5.688,45.849,60.201,86.607821
2,378.76,877,365.06,629.70,0.02,0.08,0.153,26.401684
4,371.26,891,390.38,681.75,0.012,0.028,0.128,26.935005
8,369.85,899,382.43,850.71,0.012,0.021,0.121,27.03821
