threads,throughput_jps,cold_start_ms,avg_cpu_s,avg_rss_mb,p50_lat,p90_lat,p99_lat,duration
1,439.77,944,291.56,546.58,0.105,1.664,2.745,22.738916
2,451.10,957,243.91,589.39,0.003,0.028,0.059,22.168044
4,450.61,844,229.93,622.05,0.003,0.013,0.048,22.192045
8,453.12,817,220.29,686.00,0.003,0.007,0.045,22.069286
