threads,throughput_jps,cold_start_ms,avg_cpu_s,avg_rss_mb,p50_lat,p90_lat,p99_lat,duration
1,348.78,977,303.29,546.31,6.844,16.123,17.676,28.671015
2,587.71,987,376.28,574.67,3.053,5.146,5.545,17.015127
4,823.47,952,388.36,662.99,0.204,0.263,0.329,12.14369
8,831.54,961,370.51,819.36,0.005,0.176,0.292,12.025861
