threads,throughput_jps,cold_start_ms,avg_cpu_s,avg_rss_mb,p50_lat_ms,p90_lat_ms,p99_lat_ms,duration_s
1,9.36,1101,12.45,625.04,530899.0,943712.0,1043501.0,1067.973914
2,9.01,1011,11.06,676.24,535804.0,977362.0,1083837.0,1109.591695
4,13.88,1047,14.13,717.12,512172.0,695797.0,702082.0,720.31922
8,288.41,921,294.79,900.07,2697.0,12335.0,18401.0,34.672858
