threads,throughput_jps,cold_start_ms,avg_cpu_s,avg_rss_mb,p50_lat,p90_lat,p99_lat,duration
1,131.49,883,230.42,598.95,6.229,39.087,49.939,76.05123
2,263.59,875,351.86,631.22,1.011,2.28,10.578,37.937036
4,363.75,924,384.02,703.55,0.011,0.024,0.141,27.491147
8,364.39,885,390.67,820.36,0.014,0.022,0.117,27.442889
