processes,throughput_jps,cold_start_ms,avg_cpu_s,avg_rss_mb,p50_lat_ms,p90_lat_ms,p99_lat_ms,duration_s
1,507.38,931,249.06,573.82,9675.0,16808.0,18363.0,19.709109
2,670.71,929,285.97,624.74,6767.0,12280.0,13517.0,14.909679
4,904.06,934,301.42,724.30,4895.0,8756.0,9614.0,11.061211
8,989.75,935,291.55,895.70,4516.0,7906.0,8667.0,10.103524
