threads,throughput_jps,cold_start_ms,avg_cpu_s,avg_rss_mb,p50_lat_ms,p90_lat_ms,p99_lat_ms,duration_s
1,79.75,902,118.50,606.66,33293.0,95984.0,109608.0,125.396451
2,145.64,942,195.92,655.87,6147.0,44536.0,52763.0,68.664685
4,195.46,926,256.87,707.60,4564.0,27887.0,34938.0,51.160167
8,263.18,895,285.20,879.96,2948.0,15439.0,21612.0,37.996392
