threads,throughput_jps,cold_start_ms,avg_cpu_s,avg_rss_mb,p50_lat,p90_lat,p99_lat,duration
1,390.06,986,327.87,543.90,6.664,13.615,14.563,25.636784
2,613.81,970,373.37,585.28,2.466,4.177,4.536,16.291739
4,847.74,960,391.57,673.80,0.178,0.375,0.404,11.796016
8,853.23,951,363.20,832.84,0.004,0.2,0.304,11.720184
