threads,throughput_jps,cold_start_ms,avg_cpu_s,avg_rss_mb,p50_lat,p90_lat,p99_lat,duration
1,460.44,934,330.43,544.48,5.111,9.26,10.729,21.718312
2,543.67,933,376.24,574.92,3.159,6.109,7.142,18.393432
4,881.76,1479,395.57,672.93,0.438,0.742,0.772,11.340981
8,859.53,937,346.46,826.24,0.003,0.125,0.282,11.634231
