processes,throughput_jps,cold_start_ms,avg_cpu_s,avg_rss_mb,p50_lat_ms,p90_lat_ms,p99_lat_ms,duration_s
1,406.83,929,251.08,568.23,11027.0,20521.0,23105.0,24.580487
2,728.65,934,275.59,632.54,6302.0,11180.0,12314.0,13.723984
4,911.97,931,297.17,738.79,4743.0,8616.0,9527.0,10.965257
8,966.89,933,283.57,896.43,4762.0,8137.0,8872.0,10.342485
