threads,throughput_jps,cold_start_ms,avg_cpu_s,avg_rss_mb,p50_lat,p90_lat,p99_lat,duration
1,94.38,873,193.58,602.41,7.294,63.106,79.53,105.955832
2,274.35,954,348.78,631.43,0.923,2.034,9.02,36.449565
4,363.77,1056,380.79,691.84,0.012,0.025,0.141,27.489931
8,364.01,1009,386.85,833.65,0.014,0.024,0.1,27.471836
