processes,throughput_jps,cold_start_ms,avg_cpu_s,avg_rss_mb,p50_lat_ms,p90_lat_ms,p99_lat_ms,duration_s
1,403.82,934,235.14,570.20,12066.0,21327.0,23391.0,24.763295
2,664.54,931,281.65,626.26,6816.0,12368.0,13691.0,15.048105
4,853.35,933,301.99,710.52,5132.0,9350.0,10268.0,11.718532
8,1006.58,933,289.96,918.45,4328.0,7682.0,8438.0,9.934604
