threads,throughput_jps,cold_start_ms,avg_cpu_s,avg_rss_mb,p50_lat,p90_lat,p99_lat,duration
1,482.28,934,332.72,543.22,5.048,9.021,9.954,20.734809
2,641.62,936,372.38,578.86,2.473,3.845,4.176,15.585476
4,862.38,935,390.43,661.80,0.047,0.238,0.289,11.595774
8,847.33,941,349.79,834.31,0.003,0.153,0.287,11.801728
