threads,throughput_jps,cold_start_ms,avg_cpu_s,avg_rss_mb,p50_lat_ms,p90_lat_ms,p99_lat_ms,duration_s
1,7.51,1187,10.20,621.71,650854.0,1182741.0,1305500.0,1331.647739
2,63.58,1184,29.55,655.68,85172.0,131601.0,141726.0,157.285623
4,215.13,888,261.49,726.75,4086.0,23625.0,30555.0,46.483447
8,273.91,877,287.77,915.35,2899.0,14077.0,20085.0,36.508584
