threads,throughput_jps,cold_start_ms,avg_cpu_s,avg_rss_mb,p50_lat,p90_lat,p99_lat,duration
1,110.90,875,207.83,600.78,5.558,46.159,63.415,90.173451
2,348.25,874,359.27,637.41,0.065,0.368,1.357,28.714783
4,368.33,902,386.33,684.97,0.012,0.027,0.151,27.149408
8,370.67,901,384.79,828.30,0.012,0.021,0.125,26.977963
