threads,throughput_jps,cold_start_ms,avg_cpu_s,avg_rss_mb,p50_lat,p90_lat,p99_lat,duration
1,319.87,881,237.84,546.46,0.571,1.787,2.177,31.262888
2,341.72,906,215.73,595.00,0.018,0.047,0.075,29.263797
4,344.68,912,194.79,675.60,0.015,0.041,0.083,29.012462
8,359.21,897,175.81,794.15,0.012,0.034,0.091,27.838798
