threads,throughput_jps,cold_start_ms,avg_cpu_s,avg_rss_mb,p50_lat_ms,p90_lat_ms,p99_lat_ms,duration_s
1,73.80,975,112.16,606.53,36074.0,106632.0,119309.0,135.507976
2,153.79,910,206.11,656.08,6459.0,41086.0,49212.0,65.024435
4,197.32,885,254.55,715.80,4488.0,27246.0,34665.0,50.679162
8,272.43,884,288.92,897.30,3059.0,14820.0,20563.0,36.706319
