threads,throughput_jps,cold_start_ms,avg_cpu_s,avg_rss_mb,p50_lat_ms,p90_lat_ms,p99_lat_ms,duration_s
1,62.20,914,118.40,606.42,42093.0,123644.0,144154.0,160.778711
2,146.82,933,209.35,652.22,6450.0,43848.0,52311.0,68.109308
4,209.70,928,259.04,741.05,4073.0,24426.0,31423.0,47.688171
8,300.26,925,296.15,910.88,2757.0,11324.0,17035.0,33.304009
