threads,throughput_jps,cold_start_ms,avg_cpu_s,avg_rss_mb,p50_lat,p90_lat,p99_lat,duration
1,425.60,816,292.69,549.45,0.108,1.364,2.735,23.496075
2,448.81,858,287.23,582.30,0.004,0.041,0.084,22.281172
4,430.57,892,236.13,643.75,0.003,0.014,0.056,23.225168
8,446.85,820,238.69,664.17,0.003,0.011,0.047,22.378846
16,441.14,838,196.88,887.91,0.003,0.004,0.046,22.668782
