threads,throughput_jps,cold_start_ms,avg_cpu_s,avg_rss_mb,p50_lat,p90_lat,p99_lat,duration
1,107.99,870,201.64,600.95,6.762,52.39,66.287,92.600055
2,301.11,943,356.13,633.29,0.581,1.551,6.092,33.210524
4,362.09,877,386.44,709.53,0.012,0.026,0.125,27.617704
8,356.56,987,392.61,842.31,0.016,0.026,0.163,28.046006
