processes,throughput_jps,cold_start_ms,avg_cpu_s,avg_rss_mb,p50_lat_ms,p90_lat_ms,p99_lat_ms,duration_s
1,424.42,933,210.52,575.97,11448.0,20487.0,22198.0,23.561831
2,672.51,930,271.89,625.92,6956.0,12375.0,13502.0,14.869689
4,871.67,942,300.18,718.98,5147.0,9209.0,10076.0,11.472224
8,1010.00,930,267.43,919.32,4115.0,7684.0,8451.0,9.901
