threads,throughput_jps,cold_start_ms,avg_cpu_s,avg_rss_mb,p50_lat,p90_lat,p99_lat,duration
1,124.88,879,217.53,599.53,6.157,41.538,53.625,80.073938
2,207.22,876,325.99,625.61,2.291,10.598,21.071,48.259008
4,363.26,886,385.41,700.99,0.012,0.024,0.143,27.528633
8,359.35,892,390.23,868.23,0.014,0.023,0.123,27.827911
