threads,throughput_jps,cold_start_ms,avg_cpu_s,avg_rss_mb,p50_lat,p90_lat,p99_lat,duration
1,443.46,938,333.67,541.54,5.827,10.668,11.828,22.550185
2,716.74,943,376.04,586.79,1.451,2.313,2.511,13.952038
4,853.78,933,381.94,668.35,0.015,0.193,0.256,11.712681
8,861.91,932,351.06,825.70,0.003,0.105,0.283,11.602097
