threads,throughput_jps,cold_start_ms,avg_cpu_s,avg_rss_mb,p50_lat,p90_lat,p99_lat,duration
1,336.45,922,229.87,547.08,0.055,0.139,0.179,29.722173
2,347.85,790,207.49,594.95,0.018,0.049,0.074,28.748008
4,356.64,864,186.40,671.66,0.014,0.039,0.07,28.039351
8,357.33,880,172.10,788.83,0.012,0.032,0.077,27.985175
