threads,throughput_jps,cold_start_ms,avg_cpu_s,avg_rss_mb,p50_lat,p90_lat,p99_lat,duration
1,145.90,886,238.65,598.84,5.555,33.02,42.637,68.540034
2,252.84,889,348.34,627.02,1.731,5.084,12.67,39.551108
4,363.05,875,387.89,685.77,0.013,0.034,0.145,27.544653
8,367.45,886,390.00,855.01,0.013,0.022,0.135,27.214885
